janela,rodada,cliente_id,selecionado,falhou,tempo_execucao,tamanho_lote,mse_treino,mse_teste
1,1,0,0,0,0.0,0,0.0,0.0
1,1,1,1,1,0.0,0,0.0,0.0
1,1,2,1,0,0.000179,80,0.0,0.0
1,1,3,1,0,0.000103,80,0.0,0.0
1,1,4,0,0,0.0,0,0.0,0.0
1,1,5,0,0,0.0,0,0.0,0.0
1,1,6,1,0,0.000108,80,0.0,0.0
1,1,7,1,0,9.4e-05,80,0.0,0.0
1,1,8,1,1,0.0,0,0.0,0.0
1,1,9,0,0,0.0,0,0.0,0.0
1,1,1,1,0,0.0,0,83.538789,0.0
1,1,2,1,0,0.0,0,83.425974,0.0
1,1,3,1,0,0.0,0,68.406137,0.0
1,1,6,1,0,0.0,0,136.82497,0.0
1,1,7,1,0,0.0,0,101.480321,0.0
1,1,8,1,0,0.0,0,85.000223,0.0
1,2,0,1,0,0.0001,80,0.0,0.0
1,2,1,0,0,0.0,0,0.0,0.0
1,2,2,1,0,0.000104,80,0.0,0.0
1,2,3,1,1,0.0,0,0.0,0.0
1,2,4,0,0,0.0,0,0.0,0.0
1,2,5,1,0,9.7e-05,80,0.0,0.0
1,2,6,0,0,0.0,0,0.0,0.0
1,2,7,1,0,9.6e-05,80,0.0,0.0
1,2,8,0,0,0.0,0,0.0,0.0
1,2,9,1,0,9.6e-05,80,0.0,0.0
1,2,0,1,0,0.0,0,67.850097,0.0
1,2,2,1,0,0.0,0,60.916243,0.0
1,2,3,1,0,0.0,0,54.58552,0.0
1,2,5,1,0,0.0,0,62.868902,0.0
1,2,7,1,0,0.0,0,63.903156,0.0
1,2,9,1,0,0.0,0,40.89181,0.0
1,3,0,1,0,0.000103,80,0.0,0.0
1,3,1,0,0,0.0,0,0.0,0.0
1,3,2,1,1,0.0,0,0.0,0.0
1,3,3,1,0,9.6e-05,80,0.0,0.0
1,3,4,0,0,0.0,0,0.0,0.0
1,3,5,1,0,9.6e-05,80,0.0,0.0
1,3,6,0,0,0.0,0,0.0,0.0
1,3,7,1,0,0.000101,80,0.0,0.0
1,3,8,1,0,0.0001,80,0.0,0.0
1,3,9,0,0,0.0,0,0.0,0.0
1,3,0,1,0,0.0,0,51.12662,0.0
1,3,2,1,0,0.0,0,46.424467,0.0
1,3,3,1,0,0.0,0,44.105546,0.0
1,3,5,1,0,0.0,0,49.654797,0.0
1,3,7,1,0,0.0,0,44.041305,0.0
1,3,8,1,0,0.0,0,50.759897,0.0
1,4,0,1,1,0.0,0,0.0,0.0
1,4,1,1,0,0.000105,80,0.0,0.0
1,4,2,1,0,0.000104,80,0.0,0.0
1,4,3,1,0,9e-05,80,0.0,0.0
1,4,4,0,0,0.0,0,0.0,0.0
1,4,5,1,0,9.6e-05,80,0.0,0.0
1,4,6,1,0,8.9e-05,80,0.0,0.0
1,4,7,0,0,0.0,0,0.0,0.0
1,4,8,0,0,0.0,0,0.0,0.0
1,4,9,0,0,0.0,0,0.0,0.0
1,4,0,1,0,0.0,0,39.12298,0.0
1,4,1,1,0,0.0,0,34.222375,0.0
1,4,2,1,0,0.0,0,35.533409,0.0
1,4,3,1,0,0.0,0,34.794153,0.0
1,4,5,1,0,0.0,0,39.597243,0.0
1,4,6,1,0,0.0,0,63.003818,0.0
1,5,0,1,0,9.3e-05,80,0.0,0.0
1,5,1,0,0,0.0,0,0.0,0.0
1,5,2,1,0,9.1e-05,80,0.0,0.0
1,5,3,1,0,9e-05,80,0.0,0.0
1,5,4,0,0,0.0,0,0.0,0.0
1,5,5,1,0,9e-05,80,0.0,0.0
1,5,6,0,0,0.0,0,0.0,0.0
1,5,7,0,0,0.0,0,0.0,0.0
1,5,8,1,0,9.5e-05,80,0.0,0.0
1,5,9,1,0,9e-05,80,0.0,0.0
1,5,0,1,0,0.0,0,31.331686,0.0
1,5,2,1,0,0.0,0,28.206736,0.0
1,5,3,1,0,0.0,0,27.371714,0.0
1,5,5,1,0,0.0,0,32.152851,0.0
1,5,8,1,0,0.0,0,32.377229,0.0
1,5,9,1,0,0.0,0,16.428182,0.0
1,6,0,1,0,0.000103,80,0.0,0.0
1,6,1,0,0,0.0,0,0.0,0.0
1,6,2,1,0,0.000102,80,0.0,0.0
1,6,3,1,0,0.000101,80,0.0,0.0
1,6,4,1,0,0.000107,80,0.0,0.0
1,6,5,0,0,0.0,0,0.0,0.0
1,6,6,1,0,0.000101,80,0.0,0.0
1,6,7,1,0,9.4e-05,80,0.0,0.0
1,6,8,0,0,0.0,0,0.0,0.0
1,6,9,0,0,0.0,0,0.0,0.0
1,6,0,1,0,0.0,0,23.968031,0.0
1,6,2,1,0,0.0,0,21.765224,0.0
1,6,3,1,0,0.0,0,22.455157,0.0
1,6,4,1,0,0.0,0,24.987008,0.0
1,6,6,1,0,0.0,0,42.099596,0.0
1,6,7,1,0,0.0,0,16.922668,0.0
1,7,0,1,0,9.3e-05,80,0.0,0.0
1,7,1,1,0,9.5e-05,80,0.0,0.0
1,7,2,1,0,9e-05,80,0.0,0.0
1,7,3,1,0,9e-05,80,0.0,0.0
1,7,4,0,0,0.0,0,0.0,0.0
1,7,5,0,0,0.0,0,0.0,0.0
1,7,6,1,1,0.0,0,0.0,0.0
1,7,7,0,0,0.0,0,0.0,0.0
1,7,8,0,0,0.0,0,0.0,0.0
1,7,9,1,0,9e-05,80,0.0,0.0
1,7,0,1,0,0.0,0,19.589277,0.0
1,7,1,1,0,0.0,0,16.40635,0.0
1,7,2,1,0,0.0,0,17.661948,0.0
1,7,3,1,0,0.0,0,17.764973,0.0
1,7,6,1,0,0.0,0,36.294015,0.0
1,7,9,1,0,0.0,0,9.109258,0.0
1,8,0,0,0,0.0,0,0.0,0.0
1,8,1,0,0,0.0,0,0.0,0.0
1,8,2,1,0,9.8e-05,80,0.0,0.0
1,8,3,1,0,9.1e-05,80,0.0,0.0
1,8,4,1,1,0.0,0,0.0,0.0
1,8,5,1,0,9e-05,80,0.0,0.0
1,8,6,1,0,9.5e-05,80,0.0,0.0
1,8,7,1,0,9.3e-05,80,0.0,0.0
1,8,8,0,0,0.0,0,0.0,0.0
1,8,9,0,0,0.0,0,0.0,0.0
1,8,2,1,0,0.0,0,13.935821,0.0
1,8,3,1,0,0.0,0,14.923229,0.0
1,8,4,1,0,0.0,0,16.953522,0.0
1,8,5,1,0,0.0,0,19.219332,0.0
1,8,6,1,0,0.0,0,29.736154,0.0
1,8,7,1,0,0.0,0,9.754695,0.0
1,9,0,1,0,0.000101,80,0.0,0.0
1,9,1,1,0,0.000109,80,0.0,0.0
1,9,2,0,0,0.0,0,0.0,0.0
1,9,3,0,0,0.0,0,0.0,0.0
1,9,4,0,0,0.0,0,0.0,0.0
1,9,5,0,0,0.0,0,0.0,0.0
1,9,6,1,0,9.5e-05,80,0.0,0.0
1,9,7,1,0,9e-05,80,0.0,0.0
1,9,8,1,0,9e-05,80,0.0,0.0
1,9,9,1,0,8.9e-05,80,0.0,0.0
1,9,0,1,0,0.0,0,12.615692,0.0
1,9,1,1,0,0.0,0,10.540937,0.0
1,9,6,1,0,0.0,0,24.589838,0.0
1,9,7,1,0,0.0,0,6.889324,0.0
1,9,8,1,0,0.0,0,15.363767,0.0
1,9,9,1,0,0.0,0,5.730394,0.0
1,10,0,0,0,0.0,0,0.0,0.0
1,10,1,1,1,0.0,0,0.0,0.0
1,10,2,1,0,9.4e-05,80,0.0,0.0
1,10,3,1,0,9e-05,80,0.0,0.0
1,10,4,0,0,0.0,0,0.0,0.0
1,10,5,0,0,0.0,0,0.0,0.0
1,10,6,1,0,9.2e-05,80,0.0,0.0
1,10,7,0,0,0.0,0,0.0,0.0
1,10,8,1,0,9e-05,80,0.0,0.0
1,10,9,1,1,0.0,0,0.0,0.0
1,10,1,1,0,0.0,0,8.232274,0.0
1,10,2,1,0,0.0,0,9.517126,0.0
1,10,3,1,0,0.0,0,9.557062,0.0
1,10,6,1,0,0.0,0,20.973869,0.0
1,10,8,1,0,0.0,0,12.154921,0.0
1,10,9,1,0,0.0,0,4.158634,0.0
2,1,0,1,1,0.0,0,0.0,0.0
2,1,1,1,1,0.0,0,0.0,0.0
2,1,2,1,1,0.0,0,0.0,0.0
2,1,3,0,0,0.0,0,0.0,0.0
2,1,4,1,0,9.3e-05,80,0.0,0.0
2,1,5,0,0,0.0,0,0.0,0.0
2,1,6,0,0,0.0,0,0.0,0.0
2,1,7,1,0,9.1e-05,80,0.0,0.0
2,1,8,1,0,9e-05,80,0.0,0.0
2,1,9,0,0,0.0,0,0.0,0.0
2,1,0,1,0,0.0,0,9.250007,0.0
2,1,1,1,0,0.0,0,8.480278,0.0
2,1,2,1,0,0.0,0,8.799567,0.0
2,1,4,1,0,0.0,0,10.28541,0.0
2,1,7,1,0,0.0,0,3.649162,0.0
2,1,8,1,0,0.0,0,11.270213,0.0
2,2,0,1,0,9.4e-05,80,0.0,0.0
2,2,1,1,0,9e-05,80,0.0,0.0
2,2,2,0,0,0.0,0,0.0,0.0
2,2,3,1,0,9.2e-05,80,0.0,0.0
2,2,4,0,0,0.0,0,0.0,0.0
2,2,5,0,0,0.0,0,0.0,0.0
2,2,6,1,0,9.1e-05,80,0.0,0.0
2,2,7,1,1,0.0,0,0.0,0.0
2,2,8,0,0,0.0,0,0.0,0.0
2,2,9,1,1,0.0,0,0.0,0.0
2,2,0,1,0,0.0,0,7.175485,0.0
2,2,1,1,0,0.0,0,6.563125,0.0
2,2,3,1,0,0.0,0,5.081162,0.0
2,2,6,1,0,0.0,0,15.91127,0.0
2,2,7,1,0,0.0,0,3.166171,0.0
2,2,9,1,0,0.0,0,4.095772,0.0
2,3,0,0,0,0.0,0,0.0,0.0
2,3,1,1,0,9.7e-05,80,0.0,0.0
2,3,2,0,0,0.0,0,0.0,0.0
2,3,3,1,0,8.8e-05,80,0.0,0.0
2,3,4,1,0,8.7e-05,80,0.0,0.0
2,3,5,0,0,0.0,0,0.0,0.0
2,3,6,1,1,0.0,0,0.0,0.0
2,3,7,0,0,0.0,0,0.0,0.0
2,3,8,1,0,8.8e-05,80,0.0,0.0
2,3,9,1,0,8.6e-05,80,0.0,0.0
2,3,1,1,0,0.0,0,5.590277,0.0
2,3,3,1,0,0.0,0,3.982564,0.0
2,3,4,1,0,0.0,0,6.576151,0.0
2,3,6,1,0,0.0,0,15.433955,0.0
2,3,8,1,0,0.0,0,8.594608,0.0
2,3,9,1,0,0.0,0,3.074602,0.0
2,4,0,1,0,0.000115,80,0.0,0.0
2,4,1,0,0,0.0,0,0.0,0.0
2,4,2,1,0,9.9e-05,80,0.0,0.0
2,4,3,0,0,0.0,0,0.0,0.0
2,4,4,1,0,9.7e-05,80,0.0,0.0
2,4,5,1,0,9.7e-05,80,0.0,0.0
2,4,6,1,0,9.8e-05,80,0.0,0.0
2,4,7,0,0,0.0,0,0.0,0.0
2,4,8,1,0,0.000108,80,0.0,0.0
2,4,9,0,0,0.0,0,0.0,0.0
2,4,0,1,0,0.0,0,4.891041,0.0
2,4,2,1,0,0.0,0,4.533509,0.0
2,4,4,1,0,0.0,0,4.95968,0.0
2,4,5,1,0,0.0,0,9.491665,0.0
2,4,6,1,0,0.0,0,13.994571,0.0
2,4,8,1,0,0.0,0,8.222622,0.0
2,5,0,0,0,0.0,0,0.0,0.0
2,5,1,0,0,0.0,0,0.0,0.0
2,5,2,0,0,0.0,0,0.0,0.0
2,5,3,1,0,9.9e-05,80,0.0,0.0
2,5,4,1,1,0.0,0,0.0,0.0
2,5,5,0,0,0.0,0,0.0,0.0
2,5,6,1,0,0.000104,80,0.0,0.0
2,5,7,1,0,9.6e-05,80,0.0,0.0
2,5,8,1,0,9.5e-05,80,0.0,0.0
2,5,9,1,0,9.6e-05,80,0.0,0.0
2,5,3,1,0,0.0,0,2.80618,0.0
2,5,4,1,0,0.0,0,5.328896,0.0
2,5,6,1,0,0.0,0,12.390433,0.0
2,5,7,1,0,0.0,0,3.660851,0.0
2,5,8,1,0,0.0,0,6.912469,0.0
2,5,9,1,0,0.0,0,2.850383,0.0
2,6,0,1,1,0.0,0,0.0,0.0
2,6,1,0,0,0.0,0,0.0,0.0
2,6,2,1,0,0.00011,80,0.0,0.0
2,6,3,1,0,9.4e-05,80,0.0,0.0
2,6,4,1,0,9.3e-05,80,0.0,0.0
2,6,5,0,0,0.0,0,0.0,0.0
2,6,6,0,0,0.0,0,0.0,0.0
2,6,7,1,0,9.7e-05,80,0.0,0.0
2,6,8,1,0,9.4e-05,80,0.0,0.0
2,6,9,0,0,0.0,0,0.0,0.0
2,6,0,1,0,0.0,0,4.183906,0.0
2,6,2,1,0,0.0,0,4.153055,0.0
2,6,3,1,0,0.0,0,2.439131,0.0
2,6,4,1,0,0.0,0,4.747913,0.0
2,6,7,1,0,0.0,0,3.931545,0.0
2,6,8,1,0,0.0,0,6.431578,0.0
2,7,0,1,1,0.0,0,0.0,0.0
2,7,1,1,1,0.0,0,0.0,0.0
2,7,2,1,0,0.000102,80,0.0,0.0
2,7,3,1,0,9.4e-05,80,0.0,0.0
2,7,4,0,0,0.0,0,0.0,0.0
2,7,5,1,0,9.4e-05,80,0.0,0.0
2,7,6,0,0,0.0,0,0.0,0.0
2,7,7,0,0,0.0,0,0.0,0.0
2,7,8,1,0,9.5e-05,80,0.0,0.0
2,7,9,0,0,0.0,0,0.0,0.0
2,7,0,1,0,0.0,0,3.669703,0.0
2,7,1,1,0,0.0,0,3.158008,0.0
2,7,2,1,0,0.0,0,3.451568,0.0
2,7,3,1,0,0.0,0,2.135621,0.0
2,7,5,1,0,0.0,0,8.496891,0.0
2,7,8,1,0,0.0,0,6.317595,0.0
2,8,0,1,0,9e-05,80,0.0,0.0
2,8,1,1,0,9.2e-05,80,0.0,0.0
2,8,2,0,0,0.0,0,0.0,0.0
2,8,3,0,0,0.0,0,0.0,0.0
2,8,4,0,0,0.0,0,0.0,0.0
2,8,5,1,0,9.3e-05,80,0.0,0.0
2,8,6,0,0,0.0,0,0.0,0.0
2,8,7,1,0,0.000101,80,0.0,0.0
2,8,8,1,0,9.2e-05,80,0.0,0.0
2,8,9,1,1,0.0,0,0.0,0.0
2,8,0,1,0,0.0,0,3.323597,0.0
2,8,1,1,0,0.0,0,2.838217,0.0
2,8,5,1,0,0.0,0,8.231207,0.0
2,8,7,1,0,0.0,0,5.23758,0.0
2,8,8,1,0,0.0,0,6.218361,0.0
2,8,9,1,0,0.0,0,2.833907,0.0
2,9,0,0,0,0.0,0,0.0,0.0
2,9,1,0,0,0.0,0,0.0,0.0
2,9,2,1,0,9.9e-05,80,0.0,0.0
2,9,3,1,1,0.0,0,0.0,0.0
2,9,4,0,0,0.0,0,0.0,0.0
2,9,5,1,0,0.000104,80,0.0,0.0
2,9,6,1,0,9.5e-05,80,0.0,0.0
2,9,7,0,0,0.0,0,0.0,0.0
2,9,8,1,0,9.4e-05,80,0.0,0.0
2,9,9,1,0,9.3e-05,80,0.0,0.0
2,9,2,1,0,0.0,0,2.879346,0.0
2,9,3,1,0,0.0,0,1.789578,0.0
2,9,5,1,0,0.0,0,7.963545,0.0
2,9,6,1,0,0.0,0,10.639477,0.0
2,9,8,1,0,0.0,0,5.898112,0.0
2,9,9,1,0,0.0,0,2.895125,0.0
2,10,0,1,1,0.0,0,0.0,0.0
2,10,1,1,0,9.8e-05,80,0.0,0.0
2,10,2,1,0,9.3e-05,80,0.0,0.0
2,10,3,0,0,0.0,0,0.0,0.0
2,10,4,1,1,0.0,0,0.0,0.0
2,10,5,0,0,0.0,0,0.0,0.0
2,10,6,0,0,0.0,0,0.0,0.0
2,10,7,0,0,0.0,0,0.0,0.0
2,10,8,1,0,9.7e-05,80,0.0,0.0
2,10,9,1,1,0.0,0,0.0,0.0
2,10,0,1,0,0.0,0,2.829526,0.0
2,10,1,1,0,0.0,0,2.3412,0.0
2,10,2,1,0,0.0,0,2.783654,0.0
2,10,4,1,0,0.0,0,2.836525,0.0
2,10,8,1,0,0.0,0,5.353554,0.0
2,10,9,1,0,0.0,0,2.864177,0.0
3,1,0,1,0,9.2e-05,80,0.0,0.0
3,1,1,0,0,0.0,0,0.0,0.0
3,1,2,1,0,9.3e-05,80,0.0,0.0
3,1,3,1,0,9.1e-05,80,0.0,0.0
3,1,4,1,0,9.4e-05,80,0.0,0.0
3,1,5,0,0,0.0,0,0.0,0.0
3,1,6,0,0,0.0,0,0.0,0.0
3,1,7,1,0,9.6e-05,80,0.0,0.0
3,1,8,1,0,9.5e-05,80,0.0,0.0
3,1,9,0,0,0.0,0,0.0,0.0
3,1,0,1,0,0.0,0,3.283789,0.0
3,1,2,1,0,0.0,0,2.776824,0.0
3,1,3,1,0,0.0,0,1.747895,0.0
3,1,4,1,0,0.0,0,3.642369,0.0
3,1,7,1,0,0.0,0,7.085944,0.0
3,1,8,1,0,0.0,0,4.401058,0.0
3,2,0,1,0,9.4e-05,80,0.0,0.0
3,2,1,1,1,0.0,0,0.0,0.0
3,2,2,0,0,0.0,0,0.0,0.0
3,2,3,1,0,9.5e-05,80,0.0,0.0
3,2,4,1,0,9.4e-05,80,0.0,0.0
3,2,5,0,0,0.0,0,0.0,0.0
3,2,6,1,1,0.0,0,0.0,0.0
3,2,7,1,0,9.8e-05,80,0.0,0.0
3,2,8,0,0,0.0,0,0.0,0.0
3,2,9,0,0,0.0,0,0.0,0.0
3,2,0,1,0,0.0,0,3.08075,0.0
3,2,1,1,0,0.0,0,2.468716,0.0
3,2,3,1,0,0.0,0,1.815606,0.0
3,2,4,1,0,0.0,0,3.551992,0.0
3,2,6,1,0,0.0,0,7.038879,0.0
3,2,7,1,0,0.0,0,6.946423,0.0
3,3,0,0,0,0.0,0,0.0,0.0
3,3,1,0,0,0.0,0,0.0,0.0
3,3,2,1,0,9.8e-05,80,0.0,0.0
3,3,3,1,0,0.000102,80,0.0,0.0
3,3,4,1,0,9.4e-05,80,0.0,0.0
3,3,5,1,0,9.5e-05,80,0.0,0.0
3,3,6,1,1,0.0,0,0.0,0.0
3,3,7,0,0,0.0,0,0.0,0.0
3,3,8,1,1,0.0,0,0.0,0.0
3,3,9,0,0,0.0,0,0.0,0.0
3,3,2,1,0,0.0,0,2.091157,0.0
3,3,3,1,0,0.0,0,2.246094,0.0
3,3,4,1,0,0.0,0,2.380572,0.0
3,3,5,1,0,0.0,0,8.128449,0.0
3,3,6,1,0,0.0,0,7.681124,0.0
3,3,8,1,0,0.0,0,5.681627,0.0
3,4,0,1,0,0.000105,80,0.0,0.0
3,4,1,0,0,0.0,0,0.0,0.0
3,4,2,1,0,9.8e-05,80,0.0,0.0
3,4,3,1,0,9.4e-05,80,0.0,0.0
3,4,4,1,0,9.3e-05,80,0.0,0.0
3,4,5,1,0,9.4e-05,80,0.0,0.0
3,4,6,0,0,0.0,0,0.0,0.0
3,4,7,0,0,0.0,0,0.0,0.0
3,4,8,0,0,0.0,0,0.0,0.0
3,4,9,1,0,9.6e-05,80,0.0,0.0
3,4,0,1,0,0.0,0,2.704113,0.0
3,4,2,1,0,0.0,0,2.03921,0.0
3,4,3,1,0,0.0,0,2.368298,0.0
3,4,4,1,0,0.0,0,2.112313,0.0
3,4,5,1,0,0.0,0,7.42624,0.0
3,4,9,1,0,0.0,0,4.282454,0.0
3,5,0,1,0,9.4e-05,80,0.0,0.0
3,5,1,1,0,9.4e-05,80,0.0,0.0
3,5,2,1,0,9.5e-05,80,0.0,0.0
3,5,3,1,0,9.4e-05,80,0.0,0.0
3,5,4,0,0,0.0,0,0.0,0.0
3,5,5,0,0,0.0,0,0.0,0.0
3,5,6,0,0,0.0,0,0.0,0.0
3,5,7,0,0,0.0,0,0.0,0.0
3,5,8,1,0,9.6e-05,80,0.0,0.0
3,5,9,1,0,9.5e-05,80,0.0,0.0
3,5,0,1,0,0.0,0,2.674044,0.0
3,5,1,1,0,0.0,0,2.146394,0.0
3,5,2,1,0,0.0,0,2.150315,0.0
3,5,3,1,0,0.0,0,1.892753,0.0
3,5,8,1,0,0.0,0,4.688414,0.0
3,5,9,1,0,0.0,0,3.720935,0.0
3,6,0,1,0,9.4e-05,80,0.0,0.0
3,6,1,1,0,9.5e-05,80,0.0,0.0
3,6,2,1,0,9.4e-05,80,0.0,0.0
3,6,3,1,0,9.5e-05,80,0.0,0.0
3,6,4,0,0,0.0,0,0.0,0.0
3,6,5,1,0,9.7e-05,80,0.0,0.0
3,6,6,0,0,0.0,0,0.0,0.0
3,6,7,1,1,0.0,0,0.0,0.0
3,6,8,0,0,0.0,0,0.0,0.0
3,6,9,0,0,0.0,0,0.0,0.0
3,6,0,1,0,0.0,0,2.43932,0.0
3,6,1,1,0,0.0,0,2.01144,0.0
3,6,2,1,0,0.0,0,1.862868,0.0
3,6,3,1,0,0.0,0,2.251122,0.0
3,6,5,1,0,0.0,0,7.577068,0.0
3,6,7,1,0,0.0,0,10.171454,0.0
3,7,0,1,0,9.9e-05,80,0.0,0.0
3,7,1,1,0,9.2e-05,80,0.0,0.0
3,7,2,1,0,9.1e-05,80,0.0,0.0
3,7,3,0,0,0.0,0,0.0,0.0
3,7,4,0,0,0.0,0,0.0,0.0
3,7,5,0,0,0.0,0,0.0,0.0
3,7,6,0,0,0.0,0,0.0,0.0
3,7,7,1,1,0.0,0,0.0,0.0
3,7,8,1,0,0.0001,80,0.0,0.0
3,7,9,1,0,9.8e-05,80,0.0,0.0
3,7,0,1,0,0.0,0,2.455318,0.0
3,7,1,1,0,0.0,0,2.032028,0.0
3,7,2,1,0,0.0,0,1.999831,0.0
3,7,7,1,0,0.0,0,9.509215,0.0
3,7,8,1,0,0.0,0,4.499536,0.0
3,7,9,1,0,0.0,0,3.946358,0.0
3,8,0,1,0,9.7e-05,80,0.0,0.0
3,8,1,0,0,0.0,0,0.0,0.0
3,8,2,0,0,0.0,0,0.0,0.0
3,8,3,1,0,9.4e-05,80,0.0,0.0
3,8,4,0,0,0.0,0,0.0,0.0
3,8,5,1,0,9.5e-05,80,0.0,0.0
3,8,6,1,1,0.0,0,0.0,0.0
3,8,7,1,0,9.5e-05,80,0.0,0.0
3,8,8,0,0,0.0,0,0.0,0.0
3,8,9,1,0,9.4e-05,80,0.0,0.0
3,8,0,1,0,0.0,0,2.532405,0.0
3,8,3,1,0,0.0,0,1.832532,0.0
3,8,5,1,0,0.0,0,8.906651,0.0
3,8,6,1,0,0.0,0,6.795784,0.0
3,8,7,1,0,0.0,0,9.259573,0.0
3,8,9,1,0,0.0,0,3.82756,0.0
3,9,0,1,0,9.1e-05,80,0.0,0.0
3,9,1,1,0,9.3e-05,80,0.0,0.0
3,9,2,0,0,0.0,0,0.0,0.0
3,9,3,0,0,0.0,0,0.0,0.0
3,9,4,1,1,0.0,0,0.0,0.0
3,9,5,0,0,0.0,0,0.0,0.0
3,9,6,0,0,0.0,0,0.0,0.0
3,9,7,1,1,0.0,0,0.0,0.0
3,9,8,1,0,0.000101,80,0.0,0.0
3,9,9,1,0,9.1e-05,80,0.0,0.0
3,9,0,1,0,0.0,0,2.731267,0.0
3,9,1,1,0,0.0,0,2.253783,0.0
3,9,4,1,0,0.0,0,2.826905,0.0
3,9,7,1,0,0.0,0,8.956666,0.0
3,9,8,1,0,0.0,0,3.73295,0.0
3,9,9,1,0,0.0,0,3.430307,0.0
3,10,0,0,0,0.0,0,0.0,0.0
3,10,1,0,0,0.0,0,0.0,0.0
3,10,2,1,0,9.7e-05,80,0.0,0.0
3,10,3,1,0,9.5e-05,80,0.0,0.0
3,10,4,0,0,0.0,0,0.0,0.0
3,10,5,1,0,0.000101,80,0.0,0.0
3,10,6,1,0,9.7e-05,80,0.0,0.0
3,10,7,0,0,0.0,0,0.0,0.0
3,10,8,1,1,0.0,0,0.0,0.0
3,10,9,1,0,9.7e-05,80,0.0,0.0
3,10,2,1,0,0.0,0,2.111294,0.0
3,10,3,1,0,0.0,0,1.739643,0.0
3,10,5,1,0,0.0,0,9.064242,0.0
3,10,6,1,0,0.0,0,6.594894,0.0
3,10,8,1,0,0.0,0,4.085407,0.0
3,10,9,1,0,0.0,0,3.719854,0.0
4,1,0,1,0,0.000102,80,0.0,0.0
4,1,1,0,0,0.0,0,0.0,0.0
4,1,2,1,0,0.000113,56,0.0,0.0
4,1,3,1,0,0.000103,80,0.0,0.0
4,1,4,1,1,0.0,0,0.0,0.0
4,1,5,1,0,9.9e-05,60,0.0,0.0
4,1,6,0,0,0.0,0,0.0,0.0
4,1,7,0,0,0.0,0,0.0,0.0
4,1,8,0,0,0.0,0,0.0,0.0
4,1,9,1,0,0.000104,80,0.0,0.0
4,1,0,1,0,0.0,0,2.274316,0.0
4,1,2,1,0,0.0,0,2.422773,0.0
4,1,3,1,0,0.0,0,1.951844,0.0
4,1,4,1,0,0.0,0,2.502717,0.0
4,1,5,1,0,0.0,0,6.840429,0.0
4,1,9,1,0,0.0,0,3.058676,0.0
4,2,0,0,0,0.0,0,0.0,0.0
4,2,1,1,0,9.8e-05,80,0.0,0.0
4,2,2,1,0,9.5e-05,56,0.0,0.0
4,2,3,1,0,9.4e-05,80,0.0,0.0
4,2,4,0,0,0.0,0,0.0,0.0
4,2,5,0,0,0.0,0,0.0,0.0
4,2,6,1,0,0.000106,49,0.0,0.0
4,2,7,0,0,0.0,0,0.0,0.0
4,2,8,1,0,9.7e-05,80,0.0,0.0
4,2,9,1,0,9.5e-05,80,0.0,0.0
4,2,1,1,0,0.0,0,2.25015,0.0
4,2,2,1,0,0.0,0,2.647393,0.0
4,2,3,1,0,0.0,0,1.75093,0.0
4,2,6,1,0,0.0,0,5.644086,0.0
4,2,8,1,0,0.0,0,2.985443,0.0
4,2,9,1,0,0.0,0,2.815854,0.0
4,3,0,1,0,0.000103,80,0.0,0.0
4,3,1,0,0,0.0,0,0.0,0.0
4,3,2,0,0,0.0,0,0.0,0.0
4,3,3,1,0,9.8e-05,80,0.0,0.0
4,3,4,1,0,9.7e-05,80,0.0,0.0
4,3,5,1,1,0.0,0,0.0,0.0
4,3,6,0,0,0.0,0,0.0,0.0
4,3,7,0,0,0.0,0,0.0,0.0
4,3,8,1,0,9.8e-05,80,0.0,0.0
4,3,9,1,1,0.0,0,0.0,0.0
4,3,0,1,0,0.0,0,2.308958,0.0
4,3,3,1,0,0.0,0,1.748388,0.0
4,3,4,1,0,0.0,0,2.933411,0.0
4,3,5,1,0,0.0,0,7.927476,0.0
4,3,8,1,0,0.0,0,2.862329,0.0
4,3,9,1,0,0.0,0,2.854528,0.0
4,4,0,1,0,9.7e-05,80,0.0,0.0
4,4,1,0,0,0.0,0,0.0,0.0
4,4,2,0,0,0.0,0,0.0,0.0
4,4,3,1,0,9.5e-05,80,0.0,0.0
4,4,4,1,0,9.4e-05,80,0.0,0.0
4,4,5,1,0,9.3e-05,60,0.0,0.0
4,4,6,1,0,9.3e-05,49,0.0,0.0
4,4,7,0,0,0.0,0,0.0,0.0
4,4,8,0,0,0.0,0,0.0,0.0
4,4,9,1,0,9.9e-05,80,0.0,0.0
4,4,0,1,0,0.0,0,2.184739,0.0
4,4,3,1,0,0.0,0,1.867642,0.0
4,4,4,1,0,0.0,0,2.604798,0.0
4,4,5,1,0,0.0,0,7.210575,0.0
4,4,6,1,0,0.0,0,5.755741,0.0
4,4,9,1,0,0.0,0,3.038376,0.0
4,5,0,1,0,9.3e-05,80,0.0,0.0
4,5,1,0,0,0.0,0,0.0,0.0
4,5,2,1,1,0.0,0,0.0,0.0
4,5,3,1,0,9.5e-05,80,0.0,0.0
4,5,4,0,0,0.0,0,0.0,0.0
4,5,5,0,0,0.0,0,0.0,0.0
4,5,6,1,1,0.0,0,0.0,0.0
4,5,7,1,0,9.7e-05,80,0.0,0.0
4,5,8,0,0,0.0,0,0.0,0.0
4,5,9,1,0,9.5e-05,80,0.0,0.0
4,5,0,1,0,0.0,0,2.404376,0.0
4,5,2,1,0,0.0,0,2.745411,0.0
4,5,3,1,0,0.0,0,1.729946,0.0
4,5,6,1,0,0.0,0,5.252591,0.0
4,5,7,1,0,0.0,0,9.510184,0.0
4,5,9,1,0,0.0,0,2.884394,0.0
4,6,0,0,0,0.0,0,0.0,0.0
4,6,1,1,0,0.000102,80,0.0,0.0
4,6,2,0,0,0.0,0,0.0,0.0
4,6,3,1,1,0.0,0,0.0,0.0
4,6,4,1,0,0.000101,80,0.0,0.0
4,6,5,1,1,0.0,0,0.0,0.0
4,6,6,0,0,0.0,0,0.0,0.0
4,6,7,0,0,0.0,0,0.0,0.0
4,6,8,1,0,0.0001,80,0.0,0.0
4,6,9,1,0,9.5e-05,80,0.0,0.0
4,6,1,1,0,0.0,0,2.383019,0.0
4,6,3,1,0,0.0,0,1.695536,0.0
4,6,4,1,0,0.0,0,3.131836,0.0
4,6,5,1,0,0.0,0,8.336262,0.0
4,6,8,1,0,0.0,0,2.680307,0.0
4,6,9,1,0,0.0,0,2.72486,0.0
4,7,0,1,0,0.000107,80,0.0,0.0
4,7,1,1,1,0.0,0,0.0,0.0
4,7,2,1,0,9.6e-05,56,0.0,0.0
4,7,3,0,0,0.0,0,0.0,0.0
4,7,4,1,1,0.0,0,0.0,0.0
4,7,5,1,1,0.0,0,0.0,0.0
4,7,6,0,0,0.0,0,0.0,0.0
4,7,7,0,0,0.0,0,0.0,0.0
4,7,8,1,0,9.7e-05,80,0.0,0.0
4,7,9,0,0,0.0,0,0.0,0.0
4,7,0,1,0,0.0,0,2.311339,0.0
4,7,1,1,0,0.0,0,2.317724,0.0
4,7,2,1,0,0.0,0,2.679581,0.0
4,7,4,1,0,0.0,0,3.147769,0.0
4,7,5,1,0,0.0,0,8.386164,0.0
4,7,8,1,0,0.0,0,2.562038,0.0
4,8,0,1,1,0.0,0,0.0,0.0
4,8,1,0,0,0.0,0,0.0,0.0
4,8,2,1,0,9.8e-05,56,0.0,0.0
4,8,3,0,0,0.0,0,0.0,0.0
4,8,4,1,1,0.0,0,0.0,0.0
4,8,5,0,0,0.0,0,0.0,0.0
4,8,6,1,0,0.000106,49,0.0,0.0
4,8,7,0,0,0.0,0,0.0,0.0
4,8,8,1,0,0.000103,80,0.0,0.0
4,8,9,1,0,0.000101,80,0.0,0.0
4,8,0,1,0,0.0,0,2.602817,0.0
4,8,2,1,0,0.0,0,3.038409,0.0
4,8,4,1,0,0.0,0,3.653827,0.0
4,8,6,1,0,0.0,0,4.884214,0.0
4,8,8,1,0,0.0,0,2.079628,0.0
4,8,9,1,0,0.0,0,2.757463,0.0
4,9,0,1,0,0.0001,80,0.0,0.0
4,9,1,1,1,0.0,0,0.0,0.0
4,9,2,1,0,9.5e-05,56,0.0,0.0
4,9,3,0,0,0.0,0,0.0,0.0
4,9,4,0,0,0.0,0,0.0,0.0
4,9,5,0,0,0.0,0,0.0,0.0
4,9,6,1,0,9.5e-05,49,0.0,0.0
4,9,7,1,0,0.000104,80,0.0,0.0
4,9,8,0,0,0.0,0,0.0,0.0
4,9,9,1,0,9.9e-05,80,0.0,0.0
4,9,0,1,0,0.0,0,2.545068,0.0
4,9,1,1,0,0.0,0,2.54821,0.0
4,9,2,1,0,0.0,0,2.9398,0.0
4,9,6,1,0,0.0,0,4.57992,0.0
4,9,7,1,0,0.0,0,8.906957,0.0
4,9,9,1,0,0.0,0,3.140058,0.0
4,10,0,1,0,9.6e-05,80,0.0,0.0
4,10,1,1,1,0.0,0,0.0,0.0
4,10,2,1,1,0.0,0,0.0,0.0
4,10,3,1,0,0.000108,80,0.0,0.0
4,10,4,0,0,0.0,0,0.0,0.0
4,10,5,0,0,0.0,0,0.0,0.0
4,10,6,0,0,0.0,0,0.0,0.0
4,10,7,0,0,0.0,0,0.0,0.0
4,10,8,1,0,0.000101,80,0.0,0.0
4,10,9,1,0,9.1e-05,80,0.0,0.0
4,10,0,1,0,0.0,0,2.727723,0.0
4,10,1,1,0,0.0,0,2.797922,0.0
4,10,2,1,0,0.0,0,3.161272,0.0
4,10,3,1,0,0.0,0,1.683917,0.0
4,10,8,1,0,0.0,0,2.003064,0.0
4,10,9,1,0,0.0,0,2.701773,0.0
5,1,0,1,0,9e-05,80,0.0,0.0
5,1,1,0,0,0.0,0,0.0,0.0
5,1,2,0,0,0.0,0,0.0,0.0
5,1,3,1,0,9.2e-05,80,0.0,0.0
5,1,4,0,0,0.0,0,0.0,0.0
5,1,5,0,0,0.0,0,0.0,0.0
5,1,6,1,0,9e-05,9,0.0,0.0
5,1,7,1,1,0.0,0,0.0,0.0
5,1,8,1,1,0.0,0,0.0,0.0
5,1,9,1,0,9.2e-05,52,0.0,0.0
5,1,0,1,0,0.0,0,2.603895,0.0
5,1,3,1,0,0.0,0,1.606565,0.0
5,1,6,1,0,0.0,0,3.025415,0.0
5,1,7,1,0,0.0,0,11.250285,0.0
5,1,8,1,0,0.0,0,2.208942,0.0
5,1,9,1,0,0.0,0,2.489293,0.0
5,2,0,0,0,0.0,0,0.0,0.0
5,2,1,1,0,9.8e-05,80,0.0,0.0
5,2,2,1,0,9.2e-05,16,0.0,0.0
5,2,3,0,0,0.0,0,0.0,0.0
5,2,4,1,1,0.0,0,0.0,0.0
5,2,5,0,0,0.0,0,0.0,0.0
5,2,6,1,0,9.4e-05,9,0.0,0.0
5,2,7,0,0,0.0,0,0.0,0.0
5,2,8,1,0,9.5e-05,80,0.0,0.0
5,2,9,1,0,9.2e-05,52,0.0,0.0
5,2,1,1,0,0.0,0,2.683743,0.0
5,2,2,1,0,0.0,0,3.69003,0.0
5,2,4,1,0,0.0,0,3.164191,0.0
5,2,6,1,0,0.0,0,3.036045,0.0
5,2,8,1,0,0.0,0,2.17754,0.0
5,2,9,1,0,0.0,0,2.494231,0.0
5,3,0,1,0,9.5e-05,80,0.0,0.0
5,3,1,1,0,0.0001,80,0.0,0.0
5,3,2,1,0,9.1e-05,16,0.0,0.0
5,3,3,1,0,9.3e-05,80,0.0,0.0
5,3,4,0,0,0.0,0,0.0,0.0
5,3,5,0,0,0.0,0,0.0,0.0
5,3,6,0,0,0.0,0,0.0,0.0
5,3,7,0,0,0.0,0,0.0,0.0
5,3,8,1,1,0.0,0,0.0,0.0
5,3,9,1,0,9.6e-05,52,0.0,0.0
5,3,0,1,0,0.0,0,2.454507,0.0
5,3,1,1,0,0.0,0,2.384492,0.0
5,3,2,1,0,0.0,0,3.435757,0.0
5,3,3,1,0,0.0,0,1.620483,0.0
5,3,8,1,0,0.0,0,2.451657,0.0
5,3,9,1,0,0.0,0,2.705379,0.0
5,4,0,0,0,0.0,0,0.0,0.0
5,4,1,1,0,9.8e-05,80,0.0,0.0
5,4,2,0,0,0.0,0,0.0,0.0
5,4,3,1,1,0.0,0,0.0,0.0
5,4,4,0,0,0.0,0,0.0,0.0
5,4,5,1,1,0.0,0,0.0,0.0
5,4,6,1,1,0.0,0,0.0,0.0
5,4,7,1,0,0.000104,80,0.0,0.0
5,4,8,1,0,9.6e-05,80,0.0,0.0
5,4,9,0,0,0.0,0,0.0,0.0
5,4,1,1,0,0.0,0,2.577094,0.0
5,4,3,1,0,0.0,0,1.940235,0.0
5,4,5,1,0,0.0,0,4.817188,0.0
5,4,6,1,0,0.0,0,2.363131,0.0
5,4,7,1,0,0.0,0,9.593919,0.0
5,4,8,1,0,0.0,0,2.354615,0.0
5,5,0,0,0,0.0,0,0.0,0.0
5,5,1,1,0,9.9e-05,80,0.0,0.0
5,5,2,1,0,9.3e-05,16,0.0,0.0
5,5,3,1,0,9.7e-05,80,0.0,0.0
5,5,4,0,0,0.0,0,0.0,0.0
5,5,5,0,0,0.0,0,0.0,0.0
5,5,6,0,0,0.0,0,0.0,0.0
5,5,7,1,0,9.7e-05,80,0.0,0.0
5,5,8,1,0,9.3e-05,80,0.0,0.0
5,5,9,1,0,9.2e-05,52,0.0,0.0
5,5,1,1,0,0.0,0,2.733763,0.0
5,5,2,1,0,0.0,0,3.679243,0.0
5,5,3,1,0,0.0,0,1.940772,0.0
5,5,7,1,0,0.0,0,9.386124,0.0
5,5,8,1,0,0.0,0,2.295119,0.0
5,5,9,1,0,0.0,0,3.22017,0.0
5,6,0,0,0,0.0,0,0.0,0.0
5,6,1,1,0,9.8e-05,80,0.0,0.0
5,6,2,0,0,0.0,0,0.0,0.0
5,6,3,1,0,9.5e-05,80,0.0,0.0
5,6,4,1,1,0.0,0,0.0,0.0
5,6,5,1,1,0.0,0,0.0,0.0
5,6,6,1,0,9.9e-05,9,0.0,0.0
5,6,7,1,0,9.3e-05,80,0.0,0.0
5,6,8,0,0,0.0,0,0.0,0.0
5,6,9,0,0,0.0,0,0.0,0.0
5,6,1,1,0,0.0,0,2.675591,0.0
5,6,3,1,0,0.0,0,2.186131,0.0
5,6,4,1,0,0.0,0,3.401464,0.0
5,6,5,1,0,0.0,0,4.865693,0.0
5,6,6,1,0,0.0,0,2.297016,0.0
5,6,7,1,0,0.0,0,8.606043,0.0
5,7,0,1,0,9.4e-05,80,0.0,0.0
5,7,1,1,1,0.0,0,0.0,0.0
5,7,2,1,1,0.0,0,0.0,0.0
5,7,3,0,0,0.0,0,0.0,0.0
5,7,4,1,1,0.0,0,0.0,0.0
5,7,5,0,0,0.0,0,0.0,0.0
5,7,6,1,0,0.0001,9,0.0,0.0
5,7,7,1,0,9.8e-05,80,0.0,0.0
5,7,8,0,0,0.0,0,0.0,0.0
5,7,9,0,0,0.0,0,0.0,0.0
5,7,0,1,0,0.0,0,2.985077,0.0
5,7,1,1,0,0.0,0,3.095567,0.0
5,7,2,1,0,0.0,0,3.694566,0.0
5,7,4,1,0,0.0,0,3.889513,0.0
5,7,6,1,0,0.0,0,2.273287,0.0
5,7,7,1,0,0.0,0,7.295612,0.0
5,8,0,0,0,0.0,0,0.0,0.0
5,8,1,1,0,0.000102,80,0.0,0.0
5,8,2,0,0,0.0,0,0.0,0.0
5,8,3,0,0,0.0,0,0.0,0.0
5,8,4,1,0,9.8e-05,80,0.0,0.0
5,8,5,1,0,9.3e-05,20,0.0,0.0
5,8,6,1,1,0.0,0,0.0,0.0
5,8,7,0,0,0.0,0,0.0,0.0
5,8,8,1,0,9.9e-05,80,0.0,0.0
5,8,9,1,1,0.0,0,0.0,0.0
5,8,1,1,0,0.0,0,2.29596,0.0
5,8,4,1,0,0.0,0,2.918878,0.0
5,8,5,1,0,0.0,0,4.251854,0.0
5,8,6,1,0,0.0,0,2.279427,0.0
5,8,8,1,0,0.0,0,3.061106,0.0
5,8,9,1,0,0.0,0,3.994512,0.0
5,9,0,0,0,0.0,0,0.0,0.0
5,9,1,0,0,0.0,0,0.0,0.0
5,9,2,1,0,9.5e-05,16,0.0,0.0
5,9,3,1,0,9.4e-05,80,0.0,0.0
5,9,4,1,0,0.000103,80,0.0,0.0
5,9,5,1,0,0.000101,20,0.0,0.0
5,9,6,0,0,0.0,0,0.0,0.0
5,9,7,0,0,0.0,0,0.0,0.0
5,9,8,1,0,9.8e-05,80,0.0,0.0
5,9,9,1,0,9.5e-05,52,0.0,0.0
5,9,2,1,0,0.0,0,3.477804,0.0
5,9,3,1,0,0.0,0,1.794379,0.0
5,9,4,1,0,0.0,0,2.75695,0.0
5,9,5,1,0,0.0,0,4.135358,0.0
5,9,8,1,0,0.0,0,2.775393,0.0
5,9,9,1,0,0.0,0,3.149868,0.0
5,10,0,0,0,0.0,0,0.0,0.0
5,10,1,1,0,0.000103,80,0.0,0.0
5,10,2,1,0,9.2e-05,16,0.0,0.0
5,10,3,1,1,0.0,0,0.0,0.0
5,10,4,1,1,0.0,0,0.0,0.0
5,10,5,0,0,0.0,0,0.0,0.0
5,10,6,0,0,0.0,0,0.0,0.0
5,10,7,0,0,0.0,0,0.0,0.0
5,10,8,1,0,9.7e-05,80,0.0,0.0
5,10,9,1,1,0.0,0,0.0,0.0
5,10,1,1,0,0.0,0,2.26263,0.0
5,10,2,1,0,0.0,0,3.390138,0.0
5,10,3,1,0,0.0,0,1.769034,0.0
5,10,4,1,0,0.0,0,2.806074,0.0
5,10,8,1,0,0.0,0,2.625431,0.0
5,10,9,1,0,0.0,0,3.134452,0.0
6,1,0,0,0,0.0,0,0.0,0.0
6,1,1,0,0,0.0,0,0.0,0.0
6,1,2,1,0,0.0,0,0.0,0.0
6,1,3,0,0,0.0,0,0.0,0.0
6,1,4,1,0,9.9e-05,80,0.0,0.0
6,1,5,1,0,0.0,0,0.0,0.0
6,1,6,0,0,0.0,0,0.0,0.0
6,1,7,1,1,0.0,0,0.0,0.0
6,1,8,1,0,9.6e-05,44,0.0,0.0
6,1,9,1,1,0.0,0,0.0,0.0
6,1,2,1,0,0.0,0,0.0,0.0
6,1,4,1,0,0.0,0,2.641796,0.0
6,1,5,1,0,0.0,0,0.0,0.0
6,1,7,1,0,0.0,0,11.269787,0.0
6,1,8,1,0,0.0,0,3.313707,0.0
6,1,9,1,0,0.0,0,3.606771,0.0
6,2,0,0,0,0.0,0,0.0,0.0
6,2,1,1,0,9.8e-05,80,0.0,0.0
6,2,2,0,0,0.0,0,0.0,0.0
6,2,3,1,1,0.0,0,0.0,0.0
6,2,4,1,0,9.5e-05,80,0.0,0.0
6,2,5,0,0,0.0,0,0.0,0.0
6,2,6,1,1,0.0,0,0.0,0.0
6,2,7,1,0,9.6e-05,80,0.0,0.0
6,2,8,1,0,9.4e-05,44,0.0,0.0
6,2,9,0,0,0.0,0,0.0,0.0
6,2,1,1,0,0.0,0,1.899925,0.0
6,2,3,1,0,0.0,0,2.397204,0.0
6,2,4,1,0,0.0,0,2.693457,0.0
6,2,6,1,0,0.0,0,0.0,0.0
6,2,7,1,0,0.0,0,9.576816,0.0
6,2,8,1,0,0.0,0,3.503982,0.0
6,3,0,1,1,0.0,0,0.0,0.0
6,3,1,1,0,9.8e-05,80,0.0,0.0
6,3,2,1,1,0.0,0,0.0,0.0
6,3,3,0,0,0.0,0,0.0,0.0
6,3,4,0,0,0.0,0,0.0,0.0
6,3,5,1,0,0.0,0,0.0,0.0
6,3,6,0,0,0.0,0,0.0,0.0
6,3,7,0,0,0.0,0,0.0,0.0
6,3,8,1,0,9.6e-05,44,0.0,0.0
6,3,9,1,0,9.2e-05,12,0.0,0.0
6,3,0,1,0,0.0,0,2.572601,0.0
6,3,1,1,0,0.0,0,1.928581,0.0
6,3,2,1,0,0.0,0,0.0,0.0
6,3,5,1,0,0.0,0,0.0,0.0
6,3,8,1,0,0.0,0,3.091512,0.0
6,3,9,1,0,0.0,0,3.660013,0.0
6,4,0,1,0,9.1e-05,41,0.0,0.0
6,4,1,0,0,0.0,0,0.0,0.0
6,4,2,1,0,0.0,0,0.0,0.0
6,4,3,0,0,0.0,0,0.0,0.0
6,4,4,1,0,9.3e-05,80,0.0,0.0
6,4,5,0,0,0.0,0,0.0,0.0
6,4,6,1,1,0.0,0,0.0,0.0
6,4,7,1,0,9.4e-05,80,0.0,0.0
6,4,8,1,0,9.2e-05,44,0.0,0.0
6,4,9,0,0,0.0,0,0.0,0.0
6,4,0,1,0,0.0,0,2.517417,0.0
6,4,2,1,0,0.0,0,0.0,0.0
6,4,4,1,0,0.0,0,3.063318,0.0
6,4,6,1,0,0.0,0,0.0,0.0
6,4,7,1,0,0.0,0,8.680378,0.0
6,4,8,1,0,0.0,0,3.41045,0.0
6,5,0,1,1,0.0,0,0.0,0.0
6,5,1,1,0,9.7e-05,80,0.0,0.0
6,5,2,1,0,0.0,0,0.0,0.0
6,5,3,1,0,9.5e-05,80,0.0,0.0
6,5,4,0,0,0.0,0,0.0,0.0
6,5,5,1,1,0.0,0,0.0,0.0
6,5,6,0,0,0.0,0,0.0,0.0
6,5,7,0,0,0.0,0,0.0,0.0
6,5,8,1,0,0.000107,44,0.0,0.0
6,5,9,0,0,0.0,0,0.0,0.0
6,5,0,1,0,0.0,0,2.583082,0.0
6,5,1,1,0,0.0,0,2.012306,0.0
6,5,2,1,0,0.0,0,0.0,0.0
6,5,3,1,0,0.0,0,2.180553,0.0
6,5,5,1,0,0.0,0,0.0,0.0
6,5,8,1,0,0.0,0,3.044359,0.0
6,6,0,0,0,0.0,0,0.0,0.0
6,6,1,1,1,0.0,0,0.0,0.0
6,6,2,0,0,0.0,0,0.0,0.0
6,6,3,0,0,0.0,0,0.0,0.0
6,6,4,1,1,0.0,0,0.0,0.0
6,6,5,0,0,0.0,0,0.0,0.0
6,6,6,1,0,0.0,0,0.0,0.0
6,6,7,1,0,9.8e-05,80,0.0,0.0
6,6,8,1,0,9.3e-05,44,0.0,0.0
6,6,9,1,1,0.0,0,0.0,0.0
6,6,1,1,0,0.0,0,2.916066,0.0
6,6,4,1,0,0.0,0,4.478327,0.0
6,6,6,1,0,0.0,0,0.0,0.0
6,6,7,1,0,0.0,0,6.681637,0.0
6,6,8,1,0,0.0,0,3.54953,0.0
6,6,9,1,0,0.0,0,4.483738,0.0
6,7,0,1,0,0.0001,41,0.0,0.0
6,7,1,1,0,9.8e-05,80,0.0,0.0
6,7,2,0,0,0.0,0,0.0,0.0
6,7,3,0,0,0.0,0,0.0,0.0
6,7,4,0,0,0.0,0,0.0,0.0
6,7,5,0,0,0.0,0,0.0,0.0
6,7,6,1,0,0.0,0,0.0,0.0
6,7,7,1,0,0.000112,80,0.0,0.0
6,7,8,1,0,0.000102,44,0.0,0.0
6,7,9,1,0,9.6e-05,12,0.0,0.0
6,7,0,1,0,0.0,0,2.904237,0.0
6,7,1,1,0,0.0,0,2.894691,0.0
6,7,6,1,0,0.0,0,0.0,0.0
6,7,7,1,0,0.0,0,6.577491,0.0
6,7,8,1,0,0.0,0,3.618176,0.0
6,7,9,1,0,0.0,0,4.443188,0.0
6,8,0,1,0,9.3e-05,41,0.0,0.0
6,8,1,0,0,0.0,0,0.0,0.0
6,8,2,0,0,0.0,0,0.0,0.0
6,8,3,1,0,0.000105,80,0.0,0.0
6,8,4,1,1,0.0,0,0.0,0.0
6,8,5,1,1,0.0,0,0.0,0.0
6,8,6,0,0,0.0,0,0.0,0.0
6,8,7,0,0,0.0,0,0.0,0.0
6,8,8,1,0,9.8e-05,44,0.0,0.0
6,8,9,1,1,0.0,0,0.0,0.0
6,8,0,1,0,0.0,0,2.776797,0.0
6,8,3,1,0,0.0,0,2.351229,0.0
6,8,4,1,0,0.0,0,4.060569,0.0
6,8,5,1,0,0.0,0,0.0,0.0
6,8,8,1,0,0.0,0,2.84185,0.0
6,8,9,1,0,0.0,0,3.433264,0.0
6,9,0,0,0,0.0,0,0.0,0.0
6,9,1,1,0,9.9e-05,80,0.0,0.0
6,9,2,1,0,0.0,0,0.0,0.0
6,9,3,1,0,9.8e-05,80,0.0,0.0
6,9,4,0,0,0.0,0,0.0,0.0
6,9,5,1,1,0.0,0,0.0,0.0
6,9,6,1,0,0.0,0,0.0,0.0
6,9,7,0,0,0.0,0,0.0,0.0
6,9,8,1,0,9.8e-05,44,0.0,0.0
6,9,9,0,0,0.0,0,0.0,0.0
6,9,1,1,0,0.0,0,2.356935,0.0
6,9,2,1,0,0.0,0,0.0,0.0
6,9,3,1,0,0.0,0,2.073385,0.0
6,9,5,1,0,0.0,0,0.0,0.0
6,9,6,1,0,0.0,0,0.0,0.0
6,9,8,1,0,0.0,0,2.721077,0.0
6,10,0,0,0,0.0,0,0.0,0.0
6,10,1,1,0,0.000105,80,0.0,0.0
6,10,2,1,0,0.0,0,0.0,0.0
6,10,3,1,0,9.5e-05,80,0.0,0.0
6,10,4,1,1,0.0,0,0.0,0.0
6,10,5,1,0,0.0,0,0.0,0.0
6,10,6,0,0,0.0,0,0.0,0.0
6,10,7,1,0,9.4e-05,80,0.0,0.0
6,10,8,0,0,0.0,0,0.0,0.0
6,10,9,0,0,0.0,0,0.0,0.0
6,10,1,1,0,0.0,0,2.405086,0.0
6,10,2,1,0,0.0,0,0.0,0.0
6,10,3,1,0,0.0,0,2.383993,0.0
6,10,4,1,0,0.0,0,3.65545,0.0
6,10,5,1,0,0.0,0,0.0,0.0
6,10,7,1,0,0.0,0,8.081009,0.0
7,1,0,1,0,0.000133,1,0.0,0.0
7,1,1,0,0,0.0,0,0.0,0.0
7,1,2,0,0,0.0,0,0.0,0.0
7,1,3,0,0,0.0,0,0.0,0.0
7,1,4,1,0,9.8e-05,80,0.0,0.0
7,1,5,1,0,0.0,0,0.0,0.0
7,1,6,1,0,0.0,0,0.0,0.0
7,1,7,1,1,0.0,0,0.0,0.0
7,1,8,1,0,9.2e-05,4,0.0,0.0
7,1,9,0,0,0.0,0,0.0,0.0
7,1,0,1,0,0.0,0,1.805772,0.0
7,1,4,1,0,0.0,0,2.248042,0.0
7,1,5,1,0,0.0,0,0.0,0.0
7,1,6,1,0,0.0,0,0.0,0.0
7,1,7,1,0,0.0,0,7.504841,0.0
7,1,8,1,0,0.0,0,0.425908,0.0
7,2,0,0,0,0.0,0,0.0,0.0
7,2,1,1,0,0.000102,55,0.0,0.0
7,2,2,1,1,0.0,0,0.0,0.0
7,2,3,0,0,0.0,0,0.0,0.0
7,2,4,0,0,0.0,0,0.0,0.0
7,2,5,1,1,0.0,0,0.0,0.0
7,2,6,0,0,0.0,0,0.0,0.0
7,2,7,1,1,0.0,0,0.0,0.0
7,2,8,1,0,9.4e-05,4,0.0,0.0
7,2,9,1,0,0.0,0,0.0,0.0
7,2,1,1,0,0.0,0,1.910689,0.0
7,2,2,1,0,0.0,0,0.0,0.0
7,2,5,1,0,0.0,0,0.0,0.0
7,2,7,1,0,0.0,0,7.857719,0.0
7,2,8,1,0,0.0,0,0.451437,0.0
7,2,9,1,0,0.0,0,0.0,0.0
7,3,0,1,0,8.7e-05,1,0.0,0.0
7,3,1,1,0,9.6e-05,55,0.0,0.0
7,3,2,0,0,0.0,0,0.0,0.0
7,3,3,0,0,0.0,0,0.0,0.0
7,3,4,0,0,0.0,0,0.0,0.0
7,3,5,0,0,0.0,0,0.0,0.0
7,3,6,1,0,0.0,0,0.0,0.0
7,3,7,1,0,9.6e-05,80,0.0,0.0
7,3,8,1,0,9.1e-05,4,0.0,0.0
7,3,9,1,1,0.0,0,0.0,0.0
7,3,0,1,0,0.0,0,1.44182,0.0
7,3,1,1,0,0.0,0,2.262604,0.0
7,3,6,1,0,0.0,0,0.0,0.0
7,3,7,1,0,0.0,0,6.028637,0.0
7,3,8,1,0,0.0,0,0.31319,0.0
7,3,9,1,0,0.0,0,0.0,0.0
7,4,0,1,0,9.6e-05,1,0.0,0.0
7,4,1,0,0,0.0,0,0.0,0.0
7,4,2,1,0,0.0,0,0.0,0.0
7,4,3,0,0,0.0,0,0.0,0.0
7,4,4,1,1,0.0,0,0.0,0.0
7,4,5,0,0,0.0,0,0.0,0.0
7,4,6,0,0,0.0,0,0.0,0.0
7,4,7,1,1,0.0,0,0.0,0.0
7,4,8,1,0,9.5e-05,4,0.0,0.0
7,4,9,1,0,0.0,0,0.0,0.0
7,4,0,1,0,0.0,0,0.306423,0.0
7,4,2,1,0,0.0,0,0.0,0.0
7,4,4,1,0,0.0,0,3.446752,0.0
7,4,7,1,0,0.0,0,6.135443,0.0
7,4,8,1,0,0.0,0,0.065544,0.0
7,4,9,1,0,0.0,0,0.0,0.0
7,5,0,0,0,0.0,0,0.0,0.0
7,5,1,0,0,0.0,0,0.0,0.0
7,5,2,1,0,0.0,0,0.0,0.0
7,5,3,1,0,9.9e-05,80,0.0,0.0
7,5,4,0,0,0.0,0,0.0,0.0
7,5,5,0,0,0.0,0,0.0,0.0
7,5,6,1,0,0.0,0,0.0,0.0
7,5,7,1,1,0.0,0,0.0,0.0
7,5,8,1,1,0.0,0,0.0,0.0
7,5,9,1,1,0.0,0,0.0,0.0
7,5,2,1,0,0.0,0,0.0,0.0
7,5,3,1,0,0.0,0,1.625558,0.0
7,5,6,1,0,0.0,0,0.0,0.0
7,5,7,1,0,0.0,0,6.890448,0.0
7,5,8,1,0,0.0,0,0.188102,0.0
7,5,9,1,0,0.0,0,0.0,0.0
7,6,0,1,1,0.0,0,0.0,0.0
7,6,1,1,0,9.9e-05,55,0.0,0.0
7,6,2,0,0,0.0,0,0.0,0.0
7,6,3,1,0,0.000105,80,0.0,0.0
7,6,4,1,0,9.8e-05,80,0.0,0.0
7,6,5,0,0,0.0,0,0.0,0.0
7,6,6,0,0,0.0,0,0.0,0.0
7,6,7,1,0,9.7e-05,80,0.0,0.0
7,6,8,0,0,0.0,0,0.0,0.0
7,6,9,1,1,0.0,0,0.0,0.0
7,6,0,1,0,0.0,0,0.22055,0.0
7,6,1,1,0,0.0,0,2.254946,0.0
7,6,3,1,0,0.0,0,1.781831,0.0
7,6,4,1,0,0.0,0,3.200779,0.0
7,6,7,1,0,0.0,0,6.565083,0.0
7,6,9,1,0,0.0,0,0.0,0.0
7,7,0,1,0,0.0001,1,0.0,0.0
7,7,1,0,0,0.0,0,0.0,0.0
7,7,2,0,0,0.0,0,0.0,0.0
7,7,3,1,0,9.8e-05,80,0.0,0.0
7,7,4,1,1,0.0,0,0.0,0.0
7,7,5,0,0,0.0,0,0.0,0.0
7,7,6,1,0,0.0,0,0.0,0.0
7,7,7,1,0,9.7e-05,80,0.0,0.0
7,7,8,1,0,9.1e-05,4,0.0,0.0
7,7,9,0,0,0.0,0,0.0,0.0
7,7,0,1,0,0.0,0,0.098323,0.0
7,7,3,1,0,0.0,0,1.996276,0.0
7,7,4,1,0,0.0,0,4.018747,0.0
7,7,6,1,0,0.0,0,0.0,0.0
7,7,7,1,0,0.0,0,5.431191,0.0
7,7,8,1,0,0.0,0,0.038363,0.0
7,8,0,1,1,0.0,0,0.0,0.0
7,8,1,0,0,0.0,0,0.0,0.0
7,8,2,0,0,0.0,0,0.0,0.0
7,8,3,1,0,9.8e-05,80,0.0,0.0
7,8,4,0,0,0.0,0,0.0,0.0
7,8,5,1,0,0.0,0,0.0,0.0
7,8,6,1,0,0.0,0,0.0,0.0
7,8,7,1,0,9.8e-05,80,0.0,0.0
7,8,8,0,0,0.0,0,0.0,0.0
7,8,9,1,0,0.0,0,0.0,0.0
7,8,0,1,0,0.0,0,0.034004,0.0
7,8,3,1,0,0.0,0,2.217796,0.0
7,8,5,1,0,0.0,0,0.0,0.0
7,8,6,1,0,0.0,0,0.0,0.0
7,8,7,1,0,0.0,0,4.733206,0.0
7,8,9,1,0,0.0,0,0.0,0.0
7,9,0,1,0,9.5e-05,1,0.0,0.0
7,9,1,1,0,9.8e-05,55,0.0,0.0
7,9,2,0,0,0.0,0,0.0,0.0
7,9,3,0,0,0.0,0,0.0,0.0
7,9,4,1,0,9.4e-05,80,0.0,0.0
7,9,5,0,0,0.0,0,0.0,0.0
7,9,6,1,0,0.0,0,0.0,0.0
7,9,7,1,0,9.6e-05,80,0.0,0.0
7,9,8,0,0,0.0,0,0.0,0.0
7,9,9,1,0,0.0,0,0.0,0.0
7,9,0,1,0,0.0,0,0.488283,0.0
7,9,1,1,0,0.0,0,2.766131,0.0
7,9,4,1,0,0.0,0,3.928503,0.0
7,9,6,1,0,0.0,0,0.0,0.0
7,9,7,1,0,0.0,0,4.901097,0.0
7,9,9,1,0,0.0,0,0.0,0.0
7,10,0,0,0,0.0,0,0.0,0.0
7,10,1,0,0,0.0,0,0.0,0.0
7,10,2,1,0,0.0,0,0.0,0.0
7,10,3,0,0,0.0,0,0.0,0.0
7,10,4,1,0,9.9e-05,80,0.0,0.0
7,10,5,1,0,0.0,0,0.0,0.0
7,10,6,0,0,0.0,0,0.0,0.0
7,10,7,1,0,9.6e-05,80,0.0,0.0
7,10,8,1,0,9.1e-05,4,0.0,0.0
7,10,9,1,0,0.0,0,0.0,0.0
7,10,2,1,0,0.0,0,0.0,0.0
7,10,4,1,0,0.0,0,3.804172,0.0
7,10,5,1,0,0.0,0,0.0,0.0
7,10,7,1,0,0.0,0,4.771126,0.0
7,10,8,1,0,0.0,0,0.303012,0.0
7,10,9,1,0,0.0,0,0.0,0.0
8,1,0,0,0,0.0,0,0.0,0.0
8,1,1,1,0,9.6e-05,15,0.0,0.0
8,1,2,1,0,0.0,0,0.0,0.0
8,1,3,1,0,9.3e-05,80,0.0,0.0
8,1,4,1,1,0.0,0,0.0,0.0
8,1,5,1,0,0.0,0,0.0,0.0
8,1,6,0,0,0.0,0,0.0,0.0
8,1,7,0,0,0.0,0,0.0,0.0
8,1,8,0,0,0.0,0,0.0,0.0
8,1,9,1,0,0.0,0,0.0,0.0
8,1,1,1,0,0.0,0,2.962914,0.0
8,1,2,1,0,0.0,0,0.0,0.0
8,1,3,1,0,0.0,0,2.042557,0.0
8,1,4,1,0,0.0,0,2.246318,0.0
8,1,5,1,0,0.0,0,0.0,0.0
8,1,9,1,0,0.0,0,0.0,0.0
8,2,0,0,0,0.0,0,0.0,0.0
8,2,1,1,0,9.6e-05,15,0.0,0.0
8,2,2,1,0,0.0,0,0.0,0.0
8,2,3,0,0,0.0,0,0.0,0.0
8,2,4,1,0,9.6e-05,80,0.0,0.0
8,2,5,1,1,0.0,0,0.0,0.0
8,2,6,1,0,0.0,0,0.0,0.0
8,2,7,0,0,0.0,0,0.0,0.0
8,2,8,0,0,0.0,0,0.0,0.0
8,2,9,1,0,0.0,0,0.0,0.0
8,2,1,1,0,0.0,0,2.720139,0.0
8,2,2,1,0,0.0,0,0.0,0.0
8,2,4,1,0,0.0,0,1.662788,0.0
8,2,5,1,0,0.0,0,0.0,0.0
8,2,6,1,0,0.0,0,0.0,0.0
8,2,9,1,0,0.0,0,0.0,0.0
8,3,0,0,0,0.0,0,0.0,0.0
8,3,1,1,0,0.00012,15,0.0,0.0
8,3,2,1,0,0.0,0,0.0,0.0
8,3,3,0,0,0.0,0,0.0,0.0
8,3,4,1,0,9.7e-05,80,0.0,0.0
8,3,5,1,0,0.0,0,0.0,0.0
8,3,6,1,1,0.0,0,0.0,0.0
8,3,7,1,0,9.5e-05,80,0.0,0.0
8,3,8,0,0,0.0,0,0.0,0.0
8,3,9,0,0,0.0,0,0.0,0.0
8,3,1,1,0,0.0,0,2.921611,0.0
8,3,2,1,0,0.0,0,0.0,0.0
8,3,4,1,0,0.0,0,2.065492,0.0
8,3,5,1,0,0.0,0,0.0,0.0
8,3,6,1,0,0.0,0,0.0,0.0
8,3,7,1,0,0.0,0,6.793319,0.0
8,4,0,0,0,0.0,0,0.0,0.0
8,4,1,0,0,0.0,0,0.0,0.0
8,4,2,1,0,0.0,0,0.0,0.0
8,4,3,0,0,0.0,0,0.0,0.0
8,4,4,1,1,0.0,0,0.0,0.0
8,4,5,0,0,0.0,0,0.0,0.0
8,4,6,1,0,0.0,0,0.0,0.0
8,4,7,1,0,9.5e-05,80,0.0,0.0
8,4,8,1,0,0.0,0,0.0,0.0
8,4,9,1,0,0.0,0,0.0,0.0
8,4,2,1,0,0.0,0,0.0,0.0
8,4,4,1,0,0.0,0,4.063891,0.0
8,4,6,1,0,0.0,0,0.0,0.0
8,4,7,1,0,0.0,0,4.33543,0.0
8,4,8,1,0,0.0,0,0.0,0.0
8,4,9,1,0,0.0,0,0.0,0.0
8,5,0,0,0,0.0,0,0.0,0.0
8,5,1,1,1,0.0,0,0.0,0.0
8,5,2,0,0,0.0,0,0.0,0.0
8,5,3,1,1,0.0,0,0.0,0.0
8,5,4,1,1,0.0,0,0.0,0.0
8,5,5,0,0,0.0,0,0.0,0.0
8,5,6,1,0,0.0,0,0.0,0.0
8,5,7,1,1,0.0,0,0.0,0.0
8,5,8,0,0,0.0,0,0.0,0.0
8,5,9,1,1,0.0,0,0.0,0.0
8,6,0,1,1,0.0,0,0.0,0.0
8,6,1,0,0,0.0,0,0.0,0.0
8,6,2,0,0,0.0,0,0.0,0.0
8,6,3,1,0,0.00011,80,0.0,0.0
8,6,4,1,0,9.6e-05,80,0.0,0.0
8,6,5,1,0,0.0,0,0.0,0.0
8,6,6,1,1,0.0,0,0.0,0.0
8,6,7,1,0,9.5e-05,80,0.0,0.0
8,6,8,0,0,0.0,0,0.0,0.0
8,6,9,0,0,0.0,0,0.0,0.0
8,6,0,1,0,0.0,0,0.0,0.0
8,6,3,1,0,0.0,0,2.959283,0.0
8,6,4,1,0,0.0,0,3.353233,0.0
8,6,5,1,0,0.0,0,0.0,0.0
8,6,6,1,0,0.0,0,0.0,0.0
8,6,7,1,0,0.0,0,4.918471,0.0
8,7,0,1,0,0.0,0,0.0,0.0
8,7,1,1,0,9.3e-05,15,0.0,0.0
8,7,2,1,1,0.0,0,0.0,0.0
8,7,3,0,0,0.0,0,0.0,0.0
8,7,4,1,0,9.2e-05,80,0.0,0.0
8,7,5,1,1,0.0,0,0.0,0.0
8,7,6,0,0,0.0,0,0.0,0.0
8,7,7,0,0,0.0,0,0.0,0.0
8,7,8,0,0,0.0,0,0.0,0.0
8,7,9,1,0,0.0,0,0.0,0.0
8,7,0,1,0,0.0,0,0.0,0.0
8,7,1,1,0,0.0,0,2.963391,0.0
8,7,2,1,0,0.0,0,0.0,0.0
8,7,4,1,0,0.0,0,2.111735,0.0
8,7,5,1,0,0.0,0,0.0,0.0
8,7,9,1,0,0.0,0,0.0,0.0
8,8,0,0,0,0.0,0,0.0,0.0
8,8,1,1,0,9.4e-05,15,0.0,0.0
8,8,2,1,1,0.0,0,0.0,0.0
8,8,3,1,0,9.2e-05,80,0.0,0.0
8,8,4,0,0,0.0,0,0.0,0.0
8,8,5,1,0,0.0,0,0.0,0.0
8,8,6,0,0,0.0,0,0.0,0.0
8,8,7,0,0,0.0,0,0.0,0.0
8,8,8,1,1,0.0,0,0.0,0.0
8,8,9,1,0,0.0,0,0.0,0.0
8,8,1,1,0,0.0,0,2.780852,0.0
8,8,2,1,0,0.0,0,0.0,0.0
8,8,3,1,0,0.0,0,1.79121,0.0
8,8,5,1,0,0.0,0,0.0,0.0
8,8,8,1,0,0.0,0,0.0,0.0
8,8,9,1,0,0.0,0,0.0,0.0
8,9,0,0,0,0.0,0,0.0,0.0
8,9,1,1,0,0.000103,15,0.0,0.0
8,9,2,0,0,0.0,0,0.0,0.0
8,9,3,1,0,9.6e-05,80,0.0,0.0
8,9,4,0,0,0.0,0,0.0,0.0
8,9,5,0,0,0.0,0,0.0,0.0
8,9,6,1,0,0.0,0,0.0,0.0
8,9,7,1,0,0.000104,80,0.0,0.0
8,9,8,1,0,0.0,0,0.0,0.0
8,9,9,1,0,0.0,0,0.0,0.0
8,9,1,1,0,0.0,0,3.087133,0.0
8,9,3,1,0,0.0,0,2.067037,0.0
8,9,6,1,0,0.0,0,0.0,0.0
8,9,7,1,0,0.0,0,6.301054,0.0
8,9,8,1,0,0.0,0,0.0,0.0
8,9,9,1,0,0.0,0,0.0,0.0
8,10,0,1,1,0.0,0,0.0,0.0
8,10,1,1,0,0.000105,15,0.0,0.0
8,10,2,0,0,0.0,0,0.0,0.0
8,10,3,1,0,9.6e-05,80,0.0,0.0
8,10,4,1,0,9.7e-05,80,0.0,0.0
8,10,5,0,0,0.0,0,0.0,0.0
8,10,6,1,0,0.0,0,0.0,0.0
8,10,7,1,0,9.8e-05,80,0.0,0.0
8,10,8,0,0,0.0,0,0.0,0.0
8,10,9,0,0,0.0,0,0.0,0.0
8,10,0,1,0,0.0,0,0.0,0.0
8,10,1,1,0,0.0,0,3.089827,0.0
8,10,3,1,0,0.0,0,2.118871,0.0
8,10,4,1,0,0.0,0,2.497852,0.0
8,10,6,1,0,0.0,0,0.0,0.0
8,10,7,1,0,0.0,0,6.23986,0.0
9,1,0,0,0,0.0,0,0.0,0.0
9,1,1,1,0,0.0,0,0.0,0.0
9,1,2,1,0,0.0,0,0.0,0.0
9,1,3,1,1,0.0,0,0.0,0.0
9,1,4,1,0,9.9e-05,80,0.0,0.0
9,1,5,0,0,0.0,0,0.0,0.0
9,1,6,0,0,0.0,0,0.0,0.0
9,1,7,1,0,9.9e-05,80,0.0,0.0
9,1,8,0,0,0.0,0,0.0,0.0
9,1,9,1,0,0.0,0,0.0,0.0
9,1,1,1,0,0.0,0,0.0,0.0
9,1,2,1,0,0.0,0,0.0,0.0
9,1,3,1,0,0.0,0,2.885158,0.0
9,1,4,1,0,0.0,0,2.592093,0.0
9,1,7,1,0,0.0,0,6.369802,0.0
9,1,9,1,0,0.0,0,0.0,0.0
9,2,0,0,0,0.0,0,0.0,0.0
9,2,1,0,0,0.0,0,0.0,0.0
9,2,2,0,0,0.0,0,0.0,0.0
9,2,3,1,0,0.000103,80,0.0,0.0
9,2,4,1,1,0.0,0,0.0,0.0
9,2,5,0,0,0.0,0,0.0,0.0
9,2,6,1,0,0.0,0,0.0,0.0
9,2,7,1,0,0.000101,80,0.0,0.0
9,2,8,1,0,0.0,0,0.0,0.0
9,2,9,1,0,0.0,0,0.0,0.0
9,2,3,1,0,0.0,0,3.239426,0.0
9,2,4,1,0,0.0,0,2.999184,0.0
9,2,6,1,0,0.0,0,0.0,0.0
9,2,7,1,0,0.0,0,5.766638,0.0
9,2,8,1,0,0.0,0,0.0,0.0
9,2,9,1,0,0.0,0,0.0,0.0
9,3,0,0,0,0.0,0,0.0,0.0
9,3,1,1,0,0.0,0,0.0,0.0
9,3,2,1,0,0.0,0,0.0,0.0
9,3,3,1,0,0.000104,80,0.0,0.0
9,3,4,0,0,0.0,0,0.0,0.0
9,3,5,1,0,0.0,0,0.0,0.0
9,3,6,0,0,0.0,0,0.0,0.0
9,3,7,1,0,9.6e-05,80,0.0,0.0
9,3,8,0,0,0.0,0,0.0,0.0
9,3,9,1,0,0.0,0,0.0,0.0
9,3,1,1,0,0.0,0,0.0,0.0
9,3,2,1,0,0.0,0,0.0,0.0
9,3,3,1,0,0.0,0,3.494496,0.0
9,3,5,1,0,0.0,0,0.0,0.0
9,3,7,1,0,0.0,0,5.421899,0.0
9,3,9,1,0,0.0,0,0.0,0.0
9,4,0,1,0,0.0,0,0.0,0.0
9,4,1,0,0,0.0,0,0.0,0.0
9,4,2,0,0,0.0,0,0.0,0.0
9,4,3,1,1,0.0,0,0.0,0.0
9,4,4,1,0,0.000108,80,0.0,0.0
9,4,5,0,0,0.0,0,0.0,0.0
9,4,6,1,0,0.0,0,0.0,0.0
9,4,7,1,1,0.0,0,0.0,0.0
9,4,8,0,0,0.0,0,0.0,0.0
9,4,9,1,0,0.0,0,0.0,0.0
9,4,0,1,0,0.0,0,0.0,0.0
9,4,3,1,0,0.0,0,2.735796,0.0
9,4,4,1,0,0.0,0,2.217271,0.0
9,4,6,1,0,0.0,0,0.0,0.0
9,4,7,1,0,0.0,0,6.936956,0.0
9,4,9,1,0,0.0,0,0.0,0.0
9,5,0,0,0,0.0,0,0.0,0.0
9,5,1,1,0,0.0,0,0.0,0.0
9,5,2,1,0,0.0,0,0.0,0.0
9,5,3,1,0,9.8e-05,80,0.0,0.0
9,5,4,1,0,0.000103,80,0.0,0.0
9,5,5,1,0,0.0,0,0.0,0.0
9,5,6,0,0,0.0,0,0.0,0.0
9,5,7,0,0,0.0,0,0.0,0.0
9,5,8,0,0,0.0,0,0.0,0.0
9,5,9,1,0,0.0,0,0.0,0.0
9,5,1,1,0,0.0,0,0.0,0.0
9,5,2,1,0,0.0,0,0.0,0.0
9,5,3,1,0,0.0,0,2.248013,0.0
9,5,4,1,0,0.0,0,1.887941,0.0
9,5,5,1,0,0.0,0,0.0,0.0
9,5,9,1,0,0.0,0,0.0,0.0
9,6,0,0,0,0.0,0,0.0,0.0
9,6,1,1,1,0.0,0,0.0,0.0
9,6,2,1,0,0.0,0,0.0,0.0
9,6,3,0,0,0.0,0,0.0,0.0
9,6,4,0,0,0.0,0,0.0,0.0
9,6,5,1,1,0.0,0,0.0,0.0
9,6,6,0,0,0.0,0,0.0,0.0
9,6,7,1,0,9.9e-05,80,0.0,0.0
9,6,8,1,0,0.0,0,0.0,0.0
9,6,9,1,0,0.0,0,0.0,0.0
9,6,1,1,0,0.0,0,0.0,0.0
9,6,2,1,0,0.0,0,0.0,0.0
9,6,5,1,0,0.0,0,0.0,0.0
9,6,7,1,0,0.0,0,4.791216,0.0
9,6,8,1,0,0.0,0,0.0,0.0
9,6,9,1,0,0.0,0,0.0,0.0
9,7,0,0,0,0.0,0,0.0,0.0
9,7,1,0,0,0.0,0,0.0,0.0
9,7,2,1,0,0.0,0,0.0,0.0
9,7,3,1,0,9.8e-05,80,0.0,0.0
9,7,4,1,0,9.5e-05,80,0.0,0.0
9,7,5,1,1,0.0,0,0.0,0.0
9,7,6,1,0,0.0,0,0.0,0.0
9,7,7,0,0,0.0,0,0.0,0.0
9,7,8,0,0,0.0,0,0.0,0.0
9,7,9,1,0,0.0,0,0.0,0.0
9,7,2,1,0,0.0,0,0.0,0.0
9,7,3,1,0,0.0,0,2.773548,0.0
9,7,4,1,0,0.0,0,2.357967,0.0
9,7,5,1,0,0.0,0,0.0,0.0
9,7,6,1,0,0.0,0,0.0,0.0
9,7,9,1,0,0.0,0,0.0,0.0
9,8,0,0,0,0.0,0,0.0,0.0
9,8,1,1,0,0.0,0,0.0,0.0
9,8,2,1,0,0.0,0,0.0,0.0
9,8,3,1,1,0.0,0,0.0,0.0
9,8,4,1,1,0.0,0,0.0,0.0
9,8,5,1,0,0.0,0,0.0,0.0
9,8,6,0,0,0.0,0,0.0,0.0
9,8,7,1,0,9.9e-05,80,0.0,0.0
9,8,8,0,0,0.0,0,0.0,0.0
9,8,9,0,0,0.0,0,0.0,0.0
9,8,1,1,0,0.0,0,0.0,0.0
9,8,2,1,0,0.0,0,0.0,0.0
9,8,3,1,0,0.0,0,5.097661,0.0
9,8,4,1,0,0.0,0,4.043173,0.0
9,8,5,1,0,0.0,0,0.0,0.0
9,8,7,1,0,0.0,0,4.072335,0.0
9,9,0,1,0,0.0,0,0.0,0.0
9,9,1,1,0,0.0,0,0.0,0.0
9,9,2,0,0,0.0,0,0.0,0.0
9,9,3,1,0,0.000104,80,0.0,0.0
9,9,4,1,1,0.0,0,0.0,0.0
9,9,5,0,0,0.0,0,0.0,0.0
9,9,6,1,0,0.0,0,0.0,0.0
9,9,7,0,0,0.0,0,0.0,0.0
9,9,8,0,0,0.0,0,0.0,0.0
9,9,9,1,0,0.0,0,0.0,0.0
9,9,0,1,0,0.0,0,0.0,0.0
9,9,1,1,0,0.0,0,0.0,0.0
9,9,3,1,0,0.0,0,2.745096,0.0
9,9,4,1,0,0.0,0,2.715017,0.0
9,9,6,1,0,0.0,0,0.0,0.0
9,9,9,1,0,0.0,0,0.0,0.0
9,10,0,1,0,0.0,0,0.0,0.0
9,10,1,1,0,0.0,0,0.0,0.0
9,10,2,0,0,0.0,0,0.0,0.0
9,10,3,0,0,0.0,0,0.0,0.0
9,10,4,1,0,0.000112,80,0.0,0.0
9,10,5,1,0,0.0,0,0.0,0.0
9,10,6,1,0,0.0,0,0.0,0.0
9,10,7,1,1,0.0,0,0.0,0.0
9,10,8,0,0,0.0,0,0.0,0.0
9,10,9,0,0,0.0,0,0.0,0.0
9,10,0,1,0,0.0,0,0.0,0.0
9,10,1,1,0,0.0,0,0.0,0.0
9,10,4,1,0,0.0,0,1.996234,0.0
9,10,5,1,0,0.0,0,0.0,0.0
9,10,6,1,0,0.0,0,0.0,0.0
9,10,7,1,0,0.0,0,7.726012,0.0
10,1,0,0,0,0.0,0,0.0,0.0
10,1,1,1,0,0.0,0,0.0,0.0
10,1,2,0,0,0.0,0,0.0,0.0
10,1,3,0,0,0.0,0,0.0,0.0
10,1,4,0,0,0.0,0,0.0,0.0
10,1,5,1,0,0.0,0,0.0,0.0
10,1,6,1,0,0.0,0,0.0,0.0
10,1,7,1,0,0.000115,80,0.0,0.0
10,1,8,1,0,0.0,0,0.0,0.0
10,1,9,1,1,0.0,0,0.0,0.0
10,1,1,1,0,0.0,0,0.0,0.0
10,1,5,1,0,0.0,0,0.0,0.0
10,1,6,1,0,0.0,0,0.0,0.0
10,1,7,1,0,0.0,0,3.890992,0.0
10,1,8,1,0,0.0,0,0.0,0.0
10,1,9,1,0,0.0,0,0.0,0.0
10,2,0,1,1,0.0,0,0.0,0.0
10,2,1,1,0,0.0,0,0.0,0.0
10,2,2,1,0,0.0,0,0.0,0.0
10,2,3,0,0,0.0,0,0.0,0.0
10,2,4,0,0,0.0,0,0.0,0.0
10,2,5,0,0,0.0,0,0.0,0.0
10,2,6,0,0,0.0,0,0.0,0.0
10,2,7,1,0,9.2e-05,80,0.0,0.0
10,2,8,1,0,0.0,0,0.0,0.0
10,2,9,1,1,0.0,0,0.0,0.0
10,2,0,1,0,0.0,0,0.0,0.0
10,2,1,1,0,0.0,0,0.0,0.0
10,2,2,1,0,0.0,0,0.0,0.0
10,2,7,1,0,0.0,0,2.988224,0.0
10,2,8,1,0,0.0,0,0.0,0.0
10,2,9,1,0,0.0,0,0.0,0.0
10,3,0,1,0,0.0,0,0.0,0.0
10,3,1,0,0,0.0,0,0.0,0.0
10,3,2,1,0,0.0,0,0.0,0.0
10,3,3,1,0,9.3e-05,80,0.0,0.0
10,3,4,1,0,8.6e-05,80,0.0,0.0
10,3,5,0,0,0.0,0,0.0,0.0
10,3,6,1,0,0.0,0,0.0,0.0
10,3,7,0,0,0.0,0,0.0,0.0
10,3,8,1,0,0.0,0,0.0,0.0
10,3,9,0,0,0.0,0,0.0,0.0
10,3,0,1,0,0.0,0,0.0,0.0
10,3,2,1,0,0.0,0,0.0,0.0
10,3,3,1,0,0.0,0,2.672616,0.0
10,3,4,1,0,0.0,0,3.391069,0.0
10,3,6,1,0,0.0,0,0.0,0.0
10,3,8,1,0,0.0,0,0.0,0.0
10,4,0,1,0,0.0,0,0.0,0.0
10,4,1,0,0,0.0,0,0.0,0.0
10,4,2,1,0,0.0,0,0.0,0.0
10,4,3,1,1,0.0,0,0.0,0.0
10,4,4,0,0,0.0,0,0.0,0.0
10,4,5,0,0,0.0,0,0.0,0.0
10,4,6,1,0,0.0,0,0.0,0.0
10,4,7,1,0,8.8e-05,80,0.0,0.0
10,4,8,1,0,0.0,0,0.0,0.0
10,4,9,0,0,0.0,0,0.0,0.0
10,4,0,1,0,0.0,0,0.0,0.0
10,4,2,1,0,0.0,0,0.0,0.0
10,4,3,1,0,0.0,0,3.782906,0.0
10,4,6,1,0,0.0,0,0.0,0.0
10,4,7,1,0,0.0,0,3.132189,0.0
10,4,8,1,0,0.0,0,0.0,0.0
10,5,0,1,1,0.0,0,0.0,0.0
10,5,1,1,0,0.0,0,0.0,0.0
10,5,2,0,0,0.0,0,0.0,0.0
10,5,3,1,0,8.7e-05,80,0.0,0.0
10,5,4,0,0,0.0,0,0.0,0.0
10,5,5,1,0,0.0,0,0.0,0.0
10,5,6,1,0,0.0,0,0.0,0.0
10,5,7,1,0,8.2e-05,80,0.0,0.0
10,5,8,0,0,0.0,0,0.0,0.0
10,5,9,0,0,0.0,0,0.0,0.0
10,5,0,1,0,0.0,0,0.0,0.0
10,5,1,1,0,0.0,0,0.0,0.0
10,5,3,1,0,0.0,0,3.292095,0.0
10,5,5,1,0,0.0,0,0.0,0.0
10,5,6,1,0,0.0,0,0.0,0.0
10,5,7,1,0,0.0,0,3.296444,0.0
10,6,0,0,0,0.0,0,0.0,0.0
10,6,1,1,1,0.0,0,0.0,0.0
10,6,2,1,0,0.0,0,0.0,0.0
10,6,3,0,0,0.0,0,0.0,0.0
10,6,4,1,0,8.9e-05,80,0.0,0.0
10,6,5,0,0,0.0,0,0.0,0.0
10,6,6,0,0,0.0,0,0.0,0.0
10,6,7,1,0,8.6e-05,80,0.0,0.0
10,6,8,1,0,0.0,0,0.0,0.0
10,6,9,1,1,0.0,0,0.0,0.0
10,6,1,1,0,0.0,0,0.0,0.0
10,6,2,1,0,0.0,0,0.0,0.0
10,6,4,1,0,0.0,0,4.047678,0.0
10,6,7,1,0,0.0,0,3.46642,0.0
10,6,8,1,0,0.0,0,0.0,0.0
10,6,9,1,0,0.0,0,0.0,0.0
10,7,0,0,0,0.0,0,0.0,0.0
10,7,1,0,0,0.0,0,0.0,0.0
10,7,2,0,0,0.0,0,0.0,0.0
10,7,3,1,1,0.0,0,0.0,0.0
10,7,4,1,1,0.0,0,0.0,0.0
10,7,5,1,1,0.0,0,0.0,0.0
10,7,6,1,0,0.0,0,0.0,0.0
10,7,7,1,0,9.5e-05,80,0.0,0.0
10,7,8,0,0,0.0,0,0.0,0.0
10,7,9,1,1,0.0,0,0.0,0.0
10,7,3,1,0,0.0,0,4.710571,0.0
10,7,4,1,0,0.0,0,5.427225,0.0
10,7,5,1,0,0.0,0,0.0,0.0
10,7,6,1,0,0.0,0,0.0,0.0
10,7,7,1,0,0.0,0,2.678434,0.0
10,7,9,1,0,0.0,0,0.0,0.0
10,8,0,1,0,0.0,0,0.0,0.0
10,8,1,1,0,0.0,0,0.0,0.0
10,8,2,1,0,0.0,0,0.0,0.0
10,8,3,0,0,0.0,0,0.0,0.0
10,8,4,0,0,0.0,0,0.0,0.0
10,8,5,1,0,0.0,0,0.0,0.0
10,8,6,0,0,0.0,0,0.0,0.0
10,8,7,1,0,8.9e-05,80,0.0,0.0
10,8,8,0,0,0.0,0,0.0,0.0
10,8,9,1,0,0.0,0,0.0,0.0
10,8,0,1,0,0.0,0,0.0,0.0
10,8,1,1,0,0.0,0,0.0,0.0
10,8,2,1,0,0.0,0,0.0,0.0
10,8,5,1,0,0.0,0,0.0,0.0
10,8,7,1,0,0.0,0,2.250608,0.0
10,8,9,1,0,0.0,0,0.0,0.0
10,9,0,1,0,0.0,0,0.0,0.0
10,9,1,0,0,0.0,0,0.0,0.0
10,9,2,1,0,0.0,0,0.0,0.0
10,9,3,0,0,0.0,0,0.0,0.0
10,9,4,1,0,0.000102,80,0.0,0.0
10,9,5,1,0,0.0,0,0.0,0.0
10,9,6,1,1,0.0,0,0.0,0.0
10,9,7,0,0,0.0,0,0.0,0.0
10,9,8,1,0,0.0,0,0.0,0.0
10,9,9,0,0,0.0,0,0.0,0.0
10,9,0,1,0,0.0,0,0.0,0.0
10,9,2,1,0,0.0,0,0.0,0.0
10,9,4,1,0,0.0,0,3.477461,0.0
10,9,5,1,0,0.0,0,0.0,0.0
10,9,6,1,0,0.0,0,0.0,0.0
10,9,8,1,0,0.0,0,0.0,0.0
10,10,0,1,0,0.0,0,0.0,0.0
10,10,1,1,0,0.0,0,0.0,0.0
10,10,2,0,0,0.0,0,0.0,0.0
10,10,3,1,1,0.0,0,0.0,0.0
10,10,4,0,0,0.0,0,0.0,0.0
10,10,5,0,0,0.0,0,0.0,0.0
10,10,6,1,0,0.0,0,0.0,0.0
10,10,7,1,0,9.8e-05,80,0.0,0.0
10,10,8,0,0,0.0,0,0.0,0.0
10,10,9,1,1,0.0,0,0.0,0.0
10,10,0,1,0,0.0,0,0.0,0.0
10,10,1,1,0,0.0,0,0.0,0.0
10,10,3,1,0,0.0,0,5.206857,0.0
10,10,6,1,0,0.0,0,0.0,0.0
10,10,7,1,0,0.0,0,2.65763,0.0
10,10,9,1,0,0.0,0,0.0,0.0
11,1,0,1,0,0.0,0,0.0,0.0
11,1,1,0,0,0.0,0,0.0,0.0
11,1,2,1,0,0.0,0,0.0,0.0
11,1,3,0,0,0.0,0,0.0,0.0
11,1,4,1,0,9.8e-05,80,0.0,0.0
11,1,5,1,0,0.0,0,0.0,0.0
11,1,6,1,1,0.0,0,0.0,0.0
11,1,7,1,0,9.8e-05,61,0.0,0.0
11,1,8,0,0,0.0,0,0.0,0.0
11,1,9,0,0,0.0,0,0.0,0.0
11,1,0,1,0,0.0,0,0.0,0.0
11,1,2,1,0,0.0,0,0.0,0.0
11,1,4,1,0,0.0,0,6.40865,0.0
11,1,5,1,0,0.0,0,0.0,0.0
11,1,6,1,0,0.0,0,0.0,0.0
11,1,7,1,0,0.0,0,3.339879,0.0
11,2,0,1,0,0.0,0,0.0,0.0
11,2,1,0,0,0.0,0,0.0,0.0
11,2,2,0,0,0.0,0,0.0,0.0
11,2,3,1,0,9.2e-05,80,0.0,0.0
11,2,4,1,1,0.0,0,0.0,0.0
11,2,5,0,0,0.0,0,0.0,0.0
11,2,6,0,0,0.0,0,0.0,0.0
11,2,7,1,0,9e-05,61,0.0,0.0
11,2,8,1,0,0.0,0,0.0,0.0
11,2,9,1,0,0.0,0,0.0,0.0
11,2,0,1,0,0.0,0,0.0,0.0
11,2,3,1,0,0.0,0,3.112492,0.0
11,2,4,1,0,0.0,0,6.728761,0.0
11,2,7,1,0,0.0,0,3.198634,0.0
11,2,8,1,0,0.0,0,0.0,0.0
11,2,9,1,0,0.0,0,0.0,0.0
11,3,0,0,0,0.0,0,0.0,0.0
11,3,1,0,0,0.0,0,0.0,0.0
11,3,2,1,1,0.0,0,0.0,0.0
11,3,3,0,0,0.0,0,0.0,0.0
11,3,4,1,0,9.5e-05,80,0.0,0.0
11,3,5,1,0,0.0,0,0.0,0.0
11,3,6,1,0,0.0,0,0.0,0.0
11,3,7,1,0,8.5e-05,61,0.0,0.0
11,3,8,0,0,0.0,0,0.0,0.0
11,3,9,1,0,0.0,0,0.0,0.0
11,3,2,1,0,0.0,0,0.0,0.0
11,3,4,1,0,0.0,0,5.456342,0.0
11,3,5,1,0,0.0,0,0.0,0.0
11,3,6,1,0,0.0,0,0.0,0.0
11,3,7,1,0,0.0,0,3.884036,0.0
11,3,9,1,0,0.0,0,0.0,0.0
11,4,0,1,0,0.0,0,0.0,0.0
11,4,1,0,0,0.0,0,0.0,0.0
11,4,2,0,0,0.0,0,0.0,0.0
11,4,3,1,0,9.4e-05,80,0.0,0.0
11,4,4,0,0,0.0,0,0.0,0.0
11,4,5,1,1,0.0,0,0.0,0.0
11,4,6,1,0,0.0,0,0.0,0.0
11,4,7,0,0,0.0,0,0.0,0.0
11,4,8,1,0,0.0,0,0.0,0.0
11,4,9,1,0,0.0,0,0.0,0.0
11,4,0,1,0,0.0,0,0.0,0.0
11,4,3,1,0,0.0,0,2.040659,0.0
11,4,5,1,0,0.0,0,0.0,0.0
11,4,6,1,0,0.0,0,0.0,0.0
11,4,8,1,0,0.0,0,0.0,0.0
11,4,9,1,0,0.0,0,0.0,0.0
11,5,0,0,0,0.0,0,0.0,0.0
11,5,1,0,0,0.0,0,0.0,0.0
11,5,2,0,0,0.0,0,0.0,0.0
11,5,3,0,0,0.0,0,0.0,0.0
11,5,4,1,0,8.8e-05,80,0.0,0.0
11,5,5,1,0,0.0,0,0.0,0.0
11,5,6,1,0,0.0,0,0.0,0.0
11,5,7,1,0,8.6e-05,61,0.0,0.0
11,5,8,1,0,0.0,0,0.0,0.0
11,5,9,1,1,0.0,0,0.0,0.0
11,5,4,1,0,0.0,0,4.496782,0.0
11,5,5,1,0,0.0,0,0.0,0.0
11,5,6,1,0,0.0,0,0.0,0.0
11,5,7,1,0,0.0,0,4.741121,0.0
11,5,8,1,0,0.0,0,0.0,0.0
11,5,9,1,0,0.0,0,0.0,0.0
11,6,0,0,0,0.0,0,0.0,0.0
11,6,1,0,0,0.0,0,0.0,0.0
11,6,2,0,0,0.0,0,0.0,0.0
11,6,3,1,0,8.8e-05,80,0.0,0.0
11,6,4,1,1,0.0,0,0.0,0.0
11,6,5,0,0,0.0,0,0.0,0.0
11,6,6,1,0,0.0,0,0.0,0.0
11,6,7,1,1,0.0,0,0.0,0.0
11,6,8,1,0,0.0,0,0.0,0.0
11,6,9,1,1,0.0,0,0.0,0.0
11,6,3,1,0,0.0,0,1.718593,0.0
11,6,4,1,0,0.0,0,4.596819,0.0
11,6,6,1,0,0.0,0,0.0,0.0
11,6,7,1,0,0.0,0,5.043763,0.0
11,6,8,1,0,0.0,0,0.0,0.0
11,6,9,1,0,0.0,0,0.0,0.0
11,7,0,0,0,0.0,0,0.0,0.0
11,7,1,1,0,0.0,0,0.0,0.0
11,7,2,1,0,0.0,0,0.0,0.0
11,7,3,0,0,0.0,0,0.0,0.0
11,7,4,0,0,0.0,0,0.0,0.0
11,7,5,1,1,0.0,0,0.0,0.0
11,7,6,1,0,0.0,0,0.0,0.0
11,7,7,0,0,0.0,0,0.0,0.0
11,7,8,1,0,0.0,0,0.0,0.0
11,7,9,1,0,0.0,0,0.0,0.0
11,8,0,0,0,0.0,0,0.0,0.0
11,8,1,1,0,0.0,0,0.0,0.0
11,8,2,0,0,0.0,0,0.0,0.0
11,8,3,0,0,0.0,0,0.0,0.0
11,8,4,1,0,8.4e-05,80,0.0,0.0
11,8,5,1,0,0.0,0,0.0,0.0
11,8,6,0,0,0.0,0,0.0,0.0
11,8,7,1,0,8.2e-05,61,0.0,0.0
11,8,8,1,0,0.0,0,0.0,0.0
11,8,9,1,1,0.0,0,0.0,0.0
11,8,1,1,0,0.0,0,0.0,0.0
11,8,4,1,0,0.0,0,4.119741,0.0
11,8,5,1,0,0.0,0,0.0,0.0
11,8,7,1,0,0.0,0,5.193772,0.0
11,8,8,1,0,0.0,0,0.0,0.0
11,8,9,1,0,0.0,0,0.0,0.0
11,9,0,1,1,0.0,0,0.0,0.0
11,9,1,0,0,0.0,0,0.0,0.0
11,9,2,1,1,0.0,0,0.0,0.0
11,9,3,0,0,0.0,0,0.0,0.0
11,9,4,1,1,0.0,0,0.0,0.0
11,9,5,1,0,0.0,0,0.0,0.0
11,9,6,0,0,0.0,0,0.0,0.0
11,9,7,0,0,0.0,0,0.0,0.0
11,9,8,1,0,0.0,0,0.0,0.0
11,9,9,1,0,0.0,0,0.0,0.0
11,10,0,0,0,0.0,0,0.0,0.0
11,10,1,1,0,0.0,0,0.0,0.0
11,10,2,0,0,0.0,0,0.0,0.0
11,10,3,1,0,8.9e-05,80,0.0,0.0
11,10,4,1,0,9.1e-05,80,0.0,0.0
11,10,5,0,0,0.0,0,0.0,0.0
11,10,6,1,0,0.0,0,0.0,0.0
11,10,7,1,0,9.6e-05,61,0.0,0.0
11,10,8,1,0,0.0,0,0.0,0.0
11,10,9,0,0,0.0,0,0.0,0.0
11,10,1,1,0,0.0,0,0.0,0.0
11,10,3,1,0,0.0,0,1.892639,0.0
11,10,4,1,0,0.0,0,4.021951,0.0
11,10,6,1,0,0.0,0,0.0,0.0
11,10,7,1,0,0.0,0,5.306822,0.0
11,10,8,1,0,0.0,0,0.0,0.0
12,1,0,1,0,0.0,0,0.0,0.0
12,1,1,1,1,0.0,0,0.0,0.0
12,1,2,0,0,0.0,0,0.0,0.0
12,1,3,1,0,9.5e-05,80,0.0,0.0
12,1,4,1,0,9.5e-05,80,0.0,0.0
12,1,5,0,0,0.0,0,0.0,0.0
12,1,6,0,0,0.0,0,0.0,0.0
12,1,7,1,0,9.8e-05,21,0.0,0.0
12,1,8,1,1,0.0,0,0.0,0.0
12,1,9,0,0,0.0,0,0.0,0.0
12,1,0,1,0,0.0,0,0.0,0.0
12,1,1,1,0,0.0,0,0.0,0.0
12,1,3,1,0,0.0,0,1.836112,0.0
12,1,4,1,0,0.0,0,3.609605,0.0
12,1,7,1,0,0.0,0,9.134547,0.0
12,1,8,1,0,0.0,0,0.0,0.0
12,2,0,1,0,0.0,0,0.0,0.0
12,2,1,1,0,0.0,0,0.0,0.0
12,2,2,1,0,0.0,0,0.0,0.0
12,2,3,0,0,0.0,0,0.0,0.0
12,2,4,1,0,9.6e-05,80,0.0,0.0
12,2,5,0,0,0.0,0,0.0,0.0
12,2,6,0,0,0.0,0,0.0,0.0
12,2,7,0,0,0.0,0,0.0,0.0
12,2,8,1,0,0.0,0,0.0,0.0
12,2,9,1,0,0.0,0,0.0,0.0
12,2,0,1,0,0.0,0,0.0,0.0
12,2,1,1,0,0.0,0,0.0,0.0
12,2,2,1,0,0.0,0,0.0,0.0
12,2,4,1,0,0.0,0,2.480315,0.0
12,2,8,1,0,0.0,0,0.0,0.0
12,2,9,1,0,0.0,0,0.0,0.0
12,3,0,0,0,0.0,0,0.0,0.0
12,3,1,0,0,0.0,0,0.0,0.0
12,3,2,0,0,0.0,0,0.0,0.0
12,3,3,1,1,0.0,0,0.0,0.0
12,3,4,1,1,0.0,0,0.0,0.0
12,3,5,1,0,0.0,0,0.0,0.0
12,3,6,0,0,0.0,0,0.0,0.0
12,3,7,1,0,9.4e-05,21,0.0,0.0
12,3,8,1,1,0.0,0,0.0,0.0
12,3,9,1,1,0.0,0,0.0,0.0
12,3,3,1,0,0.0,0,3.077058,0.0
12,3,4,1,0,0.0,0,5.578917,0.0
12,3,5,1,0,0.0,0,0.0,0.0
12,3,7,1,0,0.0,0,5.618147,0.0
12,3,8,1,0,0.0,0,0.0,0.0
12,3,9,1,0,0.0,0,0.0,0.0
12,4,0,0,0,0.0,0,0.0,0.0
12,4,1,1,0,0.0,0,0.0,0.0
12,4,2,1,0,0.0,0,0.0,0.0
12,4,3,1,1,0.0,0,0.0,0.0
12,4,4,1,0,9.9e-05,80,0.0,0.0
12,4,5,0,0,0.0,0,0.0,0.0
12,4,6,1,0,0.0,0,0.0,0.0
12,4,7,0,0,0.0,0,0.0,0.0
12,4,8,0,0,0.0,0,0.0,0.0
12,4,9,1,0,0.0,0,0.0,0.0
12,4,1,1,0,0.0,0,0.0,0.0
12,4,2,1,0,0.0,0,0.0,0.0
12,4,3,1,0,0.0,0,2.548485,0.0
12,4,4,1,0,0.0,0,3.211079,0.0
12,4,6,1,0,0.0,0,0.0,0.0
12,4,9,1,0,0.0,0,0.0,0.0
12,5,0,0,0,0.0,0,0.0,0.0
12,5,1,1,1,0.0,0,0.0,0.0
12,5,2,1,0,0.0,0,0.0,0.0
12,5,3,0,0,0.0,0,0.0,0.0
12,5,4,1,0,0.0001,80,0.0,0.0
12,5,5,0,0,0.0,0,0.0,0.0
12,5,6,1,0,0.0,0,0.0,0.0
12,5,7,1,1,0.0,0,0.0,0.0
12,5,8,0,0,0.0,0,0.0,0.0
12,5,9,1,0,0.0,0,0.0,0.0
12,5,1,1,0,0.0,0,0.0,0.0
12,5,2,1,0,0.0,0,0.0,0.0
12,5,4,1,0,0.0,0,2.356688,0.0
12,5,6,1,0,0.0,0,0.0,0.0
12,5,7,1,0,0.0,0,11.531409,0.0
12,5,9,1,0,0.0,0,0.0,0.0
12,6,0,1,0,0.0,0,0.0,0.0
12,6,1,1,0,0.0,0,0.0,0.0
12,6,2,1,1,0.0,0,0.0,0.0
12,6,3,0,0,0.0,0,0.0,0.0
12,6,4,1,0,9.6e-05,80,0.0,0.0
12,6,5,0,0,0.0,0,0.0,0.0
12,6,6,1,0,0.0,0,0.0,0.0
12,6,7,0,0,0.0,0,0.0,0.0
12,6,8,1,0,0.0,0,0.0,0.0
12,6,9,0,0,0.0,0,0.0,0.0
12,6,0,1,0,0.0,0,0.0,0.0
12,6,1,1,0,0.0,0,0.0,0.0
12,6,2,1,0,0.0,0,0.0,0.0
12,6,4,1,0,0.0,0,2.005932,0.0
12,6,6,1,0,0.0,0,0.0,0.0
12,6,8,1,0,0.0,0,0.0,0.0
12,7,0,1,0,0.0,0,0.0,0.0
12,7,1,1,1,0.0,0,0.0,0.0
12,7,2,0,0,0.0,0,0.0,0.0
12,7,3,0,0,0.0,0,0.0,0.0
12,7,4,1,1,0.0,0,0.0,0.0
12,7,5,0,0,0.0,0,0.0,0.0
12,7,6,0,0,0.0,0,0.0,0.0
12,7,7,1,0,8.8e-05,21,0.0,0.0
12,7,8,1,0,0.0,0,0.0,0.0
12,7,9,1,0,0.0,0,0.0,0.0
12,7,0,1,0,0.0,0,0.0,0.0
12,7,1,1,0,0.0,0,0.0,0.0
12,7,4,1,0,0.0,0,4.927741,0.0
12,7,7,1,0,0.0,0,6.256069,0.0
12,7,8,1,0,0.0,0,0.0,0.0
12,7,9,1,0,0.0,0,0.0,0.0
12,8,0,0,0,0.0,0,0.0,0.0
12,8,1,0,0,0.0,0,0.0,0.0
12,8,2,1,0,0.0,0,0.0,0.0
12,8,3,1,0,9.5e-05,80,0.0,0.0
12,8,4,1,1,0.0,0,0.0,0.0
12,8,5,1,0,0.0,0,0.0,0.0
12,8,6,0,0,0.0,0,0.0,0.0
12,8,7,1,1,0.0,0,0.0,0.0
12,8,8,0,0,0.0,0,0.0,0.0
12,8,9,1,0,0.0,0,0.0,0.0
12,8,2,1,0,0.0,0,0.0,0.0
12,8,3,1,0,0.0,0,1.987619,0.0
12,8,4,1,0,0.0,0,4.298614,0.0
12,8,5,1,0,0.0,0,0.0,0.0
12,8,7,1,0,0.0,0,7.699745,0.0
12,8,9,1,0,0.0,0,0.0,0.0
12,9,0,0,0,0.0,0,0.0,0.0
12,9,1,1,1,0.0,0,0.0,0.0
12,9,2,1,1,0.0,0,0.0,0.0
12,9,3,0,0,0.0,0,0.0,0.0
12,9,4,1,0,9.3e-05,80,0.0,0.0
12,9,5,1,0,0.0,0,0.0,0.0
12,9,6,1,0,0.0,0,0.0,0.0
12,9,7,0,0,0.0,0,0.0,0.0
12,9,8,1,1,0.0,0,0.0,0.0
12,9,9,0,0,0.0,0,0.0,0.0
12,9,1,1,0,0.0,0,0.0,0.0
12,9,2,1,0,0.0,0,0.0,0.0
12,9,4,1,0,0.0,0,2.664071,0.0
12,9,5,1,0,0.0,0,0.0,0.0
12,9,6,1,0,0.0,0,0.0,0.0
12,9,8,1,0,0.0,0,0.0,0.0
12,10,0,1,1,0.0,0,0.0,0.0
12,10,1,0,0,0.0,0,0.0,0.0
12,10,2,1,0,0.0,0,0.0,0.0
12,10,3,0,0,0.0,0,0.0,0.0
12,10,4,1,0,9.2e-05,80,0.0,0.0
12,10,5,0,0,0.0,0,0.0,0.0
12,10,6,1,1,0.0,0,0.0,0.0
12,10,7,0,0,0.0,0,0.0,0.0
12,10,8,1,0,0.0,0,0.0,0.0
12,10,9,1,1,0.0,0,0.0,0.0
12,10,0,1,0,0.0,0,0.0,0.0
12,10,2,1,0,0.0,0,0.0,0.0
12,10,4,1,0,0.0,0,2.071125,0.0
12,10,6,1,0,0.0,0,0.0,0.0
12,10,8,1,0,0.0,0,0.0,0.0
12,10,9,1,0,0.0,0,0.0,0.0
